player_x,player_y,enemy_x,enemy_y,game_distance
112,977,627,958,550.0
227,977,743,958,550.0
343,977,859,958,550.0
459,977,975,958,550.0
574,977,1092,958,550.0
690,977,1208,958,550.0
805,977,1324,958,550.0
921,977,1441,958,550.0
1043,977,1563,958,550.0
1152,977,1673,958,550.0
1274,977,1796,958,550.0
1310,977,1832,958,550.0
1309,965,1828,946,550.0
1294,859,1792,839,550.0
1249,822,1740,802,550.0
1135,822,1625,802,550.0
1027,822,1515,802,550.0
918,822,1406,802,550.0
809,822,1297,802,550.0
701,822,1188,802,550.0
592,822,1078,802,550.0
483,822,969,802,550.0
375,822,860,802,550.0
266,822,751,802,550.0
157,822,641,802,550.0
139,760,611,740,550.0
244,753,714,733,550.0
350,753,821,733,550.0
455,753,927,733,550.0
561,753,1033,733,550.0
666,753,1139,733,550.0
772,753,1245,733,550.0
877,753,1351,733,550.0
983,753,1457,733,550.0
1088,753,1563,733,550.0
1194,753,1670,733,550.0
1296,749,1771,729,550.0
1307,674,1767,654,550.0
1208,651,1663,631,550.0
1107,651,1562,631,550.0
1006,651,1460,631,550.0
905,651,1359,631,550.0
799,651,1252,631,550.0
698,651,1150,631,550.0
597,651,1049,631,550.0
496,651,947,631,550.0
395,651,846,631,550.0
294,651,744,631,550.0
188,651,638,631,550.0
204,570,638,549,550.0
302,570,736,549,550.0
399,570,833,549,550.0
496,570,931,549,550.0
594,570,1029,549,550.0
691,570,1127,549,550.0
788,570,1225,549,550.0
886,570,1322,549,550.0
983,570,1420,549,550.0
1080,570,1518,549,550.0
1177,570,1616,549,550.0
1275,570,1714,549,550.0
1367,570,1806,549,550.0
1336,570,1775,549,550.0
1239,570,1678,549,550.0
1142,570,1580,549,550.0
1044,570,1482,549,550.0
947,570,1384,549,550.0
850,570,1286,549,550.0
752,570,1189,549,550.0
655,570,1091,549,550.0
553,570,988,549,550.0
455,570,890,549,550.0
358,570,792,549,550.0
261,570,694,549,550.0
163,570,597,549,550.0
121,524,545,503,550.0
212,509,633,489,550.0
306,509,728,489,550.0
401,509,823,489,550.0
495,509,918,489,550.0
595,509,1018,489,550.0
685,509,1108,489,550.0
784,509,1208,489,550.0
879,509,1303,489,550.0
973,509,1398,489,550.0
1068,509,1494,489,550.0
1163,509,1589,489,550.0
1257,509,1684,489,550.0
1348,506,1775,486,550.0
1360,441,1774,421,550.0
1276,422,1685,401,550.0
1186,422,1594,401,550.0
1095,422,1503,401,550.0
1004,422,1412,401,550.0
914,422,1321,401,550.0
823,422,1230,401,550.0
732,422,1138,401,550.0
642,422,1047,401,550.0
551,422,956,401,550.0
460,422,865,401,550.0
370,422,774,401,550.0
279,422,683,401,550.0
189,422,592,401,550.0
146,379,541,358,550.0
229,359,620,338,550.0
317,359,708,338,550.0
404,359,796,338,550.0
492,359,885,338,550.0
580,359,973,338,550.0
668,359,1061,338,550.0
756,359,1149,338,550.0
844,359,1238,338,550.0
931,359,1326,338,550.0
1019,359,1414,338,550.0
1107,359,1502,338,550.0
1195,359,1590,338,550.0
1283,359,1679,338,550.0
1371,359,1767,338,550.0
1427,332,1818,311,550.0
1368,293,1751,273,550.0
1278,293,1661,273,550.0
1194,293,1576,273,550.0
1109,293,1491,273,550.0
1024,293,1405,273,550.0
939,293,1320,273,550.0
854,293,1235,273,550.0
769,293,1149,273,550.0
684,293,1064,273,550.0
599,293,979,273,550.0
514,293,894,273,550.0
430,293,808,273,550.0
345,293,723,273,550.0
260,293,638,273,550.0
175,293,553,273,550.0
129,262,500,242,550.0
215,252,584,232,550.0
298,252,668,232,550.0
381,252,751,232,550.0
464,252,835,232,550.0
547,252,918,232,550.0
630,252,1001,232,550.0
713,252,1085,232,550.0
796,252,1168,232,550.0
884,252,1256,232,550.0
967,252,1339,232,550.0
1050,252,1423,232,550.0
1133,252,1506,232,550.0
1216,252,1590,232,550.0
1299,252,1673,232,550.0
1382,252,1756,232,550.0
1443,229,1813,208,550.0
1366,215,1733,194,550.0
1284,215,1651,194,550.0
1203,215,1569,194,550.0
1122,215,1488,194,550.0
1040,215,1406,194,550.0
959,215,1324,194,550.0
878,215,1243,194,550.0
796,215,1161,194,550.0
715,215,1079,194,550.0
634,215,998,194,550.0
552,215,916,194,550.0
471,215,834,194,550.0
390,215,752,194,550.0
308,215,671,194,550.0
227,215,589,194,550.0
146,215,507,194,550.0
107,215,469,194,550.0
104,1046,496,655,550.0
136,1046,523,655,550.0
261,1046,631,655,550.0
379,1046,734,655,550.0
498,1046,836,655,550.0
617,1046,939,655,550.0
735,1046,1042,655,550.0
860,1046,1150,655,550.0
979,1046,1252,655,550.0
1098,1046,1355,655,550.0
1223,1046,1463,655,550.0
1341,1046,1565,655,550.0
1460,1046,1668,655,550.0
1579,1046,1771,655,550.0
1647,1001,1827,622,550.0
1555,950,1744,584,550.0
1434,950,1639,584,550.0
1320,950,1540,584,550.0
1206,950,1440,584,550.0
1085,950,1336,584,550.0
971,950,1236,584,550.0
856,950,1137,584,550.0
742,950,1038,584,550.0
628,950,938,584,550.0
507,950,834,584,550.0
393,950,734,584,550.0
272,950,630,584,550.0
158,950,530,584,550.0
155,895,521,543,550.0
266,891,617,540,550.0
378,891,715,540,550.0
490,891,812,540,550.0
608,891,915,540,550.0
719,891,1012,540,550.0
837,891,1115,540,550.0
949,891,1212,540,550.0
1066,891,1314,540,550.0
1178,891,1412,540,550.0
1296,891,1514,540,550.0
1408,891,1612,540,550.0
1519,891,1709,540,550.0
1627,886,1802,536,550.0
1605,809,1778,477,550.0
1497,805,1684,475,550.0
1390,805,1590,475,550.0
1276,805,1490,475,550.0
1168,805,1396,475,550.0
1060,805,1302,475,550.0
947,805,1202,475,550.0
839,805,1108,475,550.0
731,805,1013,475,550.0
623,805,919,475,550.0
510,805,820,475,550.0
402,805,725,475,550.0
294,805,631,475,550.0
186,805,536,475,550.0
118,770,473,448,550.0
221,746,559,429,550.0
326,746,652,429,550.0
431,746,744,429,550.0
537,746,837,429,550.0
642,746,929,429,550.0
747,746,1021,429,550.0
852,746,1114,429,550.0
963,746,1211,429,550.0
1068,746,1303,429,550.0
1173,746,1396,429,550.0
1279,746,1488,429,550.0
1384,746,1580,429,550.0
1489,746,1673,429,550.0
1594,746,1765,429,550.0
1643,706,1806,399,550.0
1547,677,1719,377,550.0
1439,677,1624,377,550.0
1337,677,1534,377,550.0
1235,677,1444,377,550.0
1128,677,1349,377,550.0
1020,677,1255,377,550.0
918,677,1165,377,550.0
816,677,1075,377,550.0
708,677,980,377,550.0
606,677,890,377,550.0
504,677,800,377,550.0
397,677,705,377,550.0
294,677,615,377,550.0
192,677,525,377,550.0
122,641,459,349,550.0
172,604,498,320,550.0
276,604,590,320,550.0
374,604,677,320,550.0
473,604,765,320,550.0
572,604,852,320,550.0
671,604,939,320,550.0
770,604,1027,320,550.0
869,604,1114,320,550.0
968,604,1202,320,550.0
1066,604,1289,320,550.0
1165,604,1376,320,550.0
1264,604,1464,320,550.0
1363,604,1551,320,550.0
1467,604,1643,320,550.0
1566,604,1731,320,550.0
1629,561,1784,287,550.0
1538,538,1701,269,550.0
1442,538,1616,269,550.0
1346,538,1531,269,550.0
1250,538,1446,269,550.0
1154,538,1361,269,550.0
1053,538,1271,269,550.0
957,538,1186,269,550.0
861,538,1101,269,550.0
765,538,1016,269,550.0
670,538,931,269,550.0
574,538,846,269,550.0
478,538,761,269,550.0
382,538,676,269,550.0
286,538,591,269,550.0
190,538,506,269,550.0
137,507,454,244,550.0
227,485,531,227,550.0
321,485,615,227,550.0
414,485,698,227,550.0
508,485,781,227,550.0
601,485,864,227,550.0
695,485,947,227,550.0
788,485,1031,227,550.0
886,485,1118,227,550.0
980,485,1201,227,550.0
1073,485,1284,227,550.0
1167,485,1368,227,550.0
1260,485,1451,227,550.0
1354,485,1534,227,550.0
1452,485,1622,227,550.0
1546,485,1705,227,550.0
1639,485,1788,227,550.0
1609,433,1757,186,550.0
1517,433,1676,186,550.0
1426,433,1595,186,550.0
1335,433,1513,186,550.0
1244,433,1432,186,550.0
1153,433,1351,186,550.0
1057,433,1265,186,550.0
966,433,1184,186,550.0
870,433,1098,186,550.0
779,433,1017,186,550.0
688,433,935,186,550.0
592,433,850,186,550.0
501,433,769,186,550.0
409,433,687,186,550.0
313,433,602,186,550.0
222,433,520,186,550.0
131,433,439,186,550.0
107,433,418,186,550.0
118,1018,250,565,550.0
149,1018,276,565,550.0
272,1018,380,565,550.0
390,1018,478,565,550.0
507,1018,577,565,550.0
625,1018,675,565,550.0
742,1018,774,565,550.0
866,1018,877,565,550.0
983,1018,976,565,550.0
1101,1018,1074,565,550.0
1218,1018,1173,565,550.0
1342,1018,1277,565,550.0
1459,1018,1375,565,550.0
1577,1018,1474,565,550.0
1694,1018,1572,565,550.0
1800,996,1662,549,550.0
1741,910,1616,489,550.0
1628,910,1521,489,550.0
1516,910,1426,489,550.0
1403,910,1331,489,550.0
1284,910,1230,489,550.0
1172,910,1135,489,550.0
1053,910,1035,489,550.0
941,910,940,489,550.0
828,910,845,489,550.0
716,910,750,489,550.0
603,910,655,489,550.0
485,910,555,489,550.0
372,910,460,489,550.0
259,910,365,489,550.0
147,910,270,489,550.0
148,847,268,444,550.0
258,847,361,444,550.0
373,847,459,444,550.0
483,847,552,444,550.0
593,847,645,444,550.0
708,847,743,444,550.0
818,847,836,444,550.0
928,847,929,444,550.0
1037,847,1022,444,550.0
1147,847,1115,444,550.0
1257,847,1208,444,550.0
1367,847,1301,444,550.0
1476,847,1394,444,550.0
1586,847,1487,444,550.0
1696,847,1580,444,550.0
1777,812,1651,419,550.0
1730,732,1614,362,550.0
1621,725,1521,357,550.0
1516,725,1432,357,550.0
1412,725,1343,357,550.0
1308,725,1254,357,550.0
1204,725,1165,357,550.0
1099,725,1076,357,550.0
995,725,987,357,550.0
891,725,898,357,550.0
781,725,804,357,550.0
677,725,715,357,550.0
573,725,626,357,550.0
468,725,537,357,550.0
364,725,448,357,550.0
260,725,359,357,550.0
155,725,270,357,550.0
145,672,258,318,550.0
246,666,344,314,550.0
347,666,432,314,550.0
454,666,523,314,550.0
556,666,610,314,550.0
658,666,698,314,550.0
759,666,785,314,550.0
866,666,876,314,550.0
968,666,963,314,550.0
1069,666,1051,314,550.0
1171,666,1138,314,550.0
1278,666,1229,314,550.0
1380,666,1317,314,550.0
1481,666,1404,314,550.0
1583,666,1491,314,550.0
1684,666,1578,314,550.0
1726,590,1616,258,550.0
1627,590,1532,258,550.0
1529,590,1447,258,550.0
1431,590,1363,258,550.0
1328,590,1274,258,550.0
1229,590,1189,258,550.0
1131,590,1104,258,550.0
1033,590,1020,258,550.0
935,590,935,258,550.0
837,590,851,258,550.0
733,590,762,258,550.0
635,590,677,258,550.0
537,590,593,258,550.0
439,590,508,258,550.0
341,590,423,258,550.0
243,590,339,258,550.0
144,590,254,258,550.0
136,544,245,224,550.0
231,539,327,220,550.0
327,539,410,220,550.0
423,539,493,220,550.0
519,539,576,220,550.0
615,539,659,220,550.0
711,539,742,220,550.0
807,539,824,220,550.0
908,539,912,220,550.0
1003,539,995,220,550.0
1099,539,1077,220,550.0
1195,539,1160,220,550.0
1291,539,1243,220,550.0
1387,539,1326,220,550.0
1488,539,1413,220,550.0
1584,539,1496,220,550.0
1680,539,1579,220,550.0
1759,521,1648,207,550.0
1733,473,1628,171,550.0
1641,473,1548,171,550.0
1548,473,1467,171,550.0
1455,473,1386,171,550.0
1362,473,1306,171,550.0
1264,473,1221,171,550.0
1171,473,1140,171,550.0
1078,473,1060,171,550.0
985,473,979,171,550.0
892,473,898,171,550.0
799,473,818,171,550.0
706,473,737,171,550.0
609,473,652,171,550.0
521,473,576,171,550.0
423,473,491,171,550.0
330,473,410,171,550.0
237,473,329,171,550.0
144,473,249,171,550.0
95,473,206,171,550.0
95,1067,233,599,550.0
127,970,256,531,550.0
162,863,281,455,550.0
196,760,305,381,550.0
225,669,327,316,550.0
253,586,347,255,550.0
278,508,366,197,550.0
286,485,372,180,550.0
290,485,376,180,550.0
384,485,457,180,550.0
423,485,492,180,550.0
420,496,489,189,550.0
400,573,474,245,550.0
379,656,458,306,550.0
356,745,441,371,550.0
330,841,423,440,550.0
303,946,403,514,550.0
273,1061,382,594,550.0
272,1067,381,599,550.0
360,1067,455,599,550.0
385,958,472,523,550.0
409,852,489,448,550.0
431,755,506,378,550.0
451,665,521,313,550.0
470,581,535,252,550.0
480,540,542,221,550.0
555,540,607,221,550.0
574,577,624,249,550.0
558,665,612,313,550.0
547,725,604,357,550.0
530,820,592,425,550.0
512,923,578,498,550.0
503,970,572,531,550.0
495,1017,566,564,550.0
498,999,568,552,550.0
596,999,651,552,550.0
658,999,702,552,550.0
668,912,710,490,550.0
680,810,719,418,550.0
691,716,727,350,550.0
701,629,735,287,550.0
711,548,742,227,550.0
716,508,745,197,550.0
765,508,789,197,550.0
822,545,838,225,550.0
816,630,833,288,550.0
810,727,828,358,550.0
803,827,824,430,550.0
796,937,818,508,550.0
791,1013,814,561,550.0
896,907,903,487,550.0
1009,907,998,487,550.0
1097,907,1073,487,550.0
1062,907,1043,487,550.0
943,907,943,487,550.0
825,907,843,487,550.0
786,953,810,519,550.0
779,1055,805,591,550.0
842,1055,858,591,550.0
923,1055,926,591,550.0
925,947,927,515,550.0
927,837,928,437,550.0
928,736,930,364,550.0
930,643,931,297,550.0
931,557,932,234,550.0
932,481,933,177,550.0
972,481,967,177,550.0
1027,519,1015,205,550.0
1030,602,1017,267,550.0
1033,691,1019,332,550.0
1036,788,1021,402,550.0
1039,894,1023,478,550.0
1042,998,1025,551,550.0
1126,984,1096,541,550.0
1118,865,1091,457,550.0
1115,802,1088,412,550.0
1110,737,1085,365,550.0
1105,644,1081,298,550.0
1100,562,1077,238,550.0
1096,502,1075,193,550.0
1159,521,1129,207,550.0
1167,604,1135,268,550.0
1175,694,1141,334,550.0
1185,796,1148,408,550.0
1194,903,1155,484,550.0
1205,1019,1162,566,550.0
1219,1032,1173,574,550.0
1331,1013,1268,561,550.0
1315,897,1257,480,550.0
1300,791,1246,404,550.0
1287,694,1236,334,550.0
1274,604,1227,268,550.0
1262,517,1218,204,550.0
1292,466,1245,166,550.0
1370,495,1312,187,550.0
1386,575,1324,247,550.0
1403,663,1336,311,550.0
1421,758,1350,380,550.0
1441,861,1364,454,550.0
1463,973,1379,533,550.0
1545,1043,1446,582,550.0
1560,951,1462,518,550.0
1534,841,1444,440,550.0
1511,739,1427,367,550.0
1489,646,1411,299,550.0
1469,560,1396,236,550.0
1484,487,1411,182,550.0
1571,474,1488,172,550.0
1607,549,1515,228,550.0
1632,634,1534,291,550.0
1660,727,1554,358,550.0
1690,827,1576,430,550.0
1724,942,1600,511,550.0
1789,1035,1651,576,550.0
1833,1035,1688,576,550.0
1819,992,1678,547,550.0
1781,878,1651,466,550.0
1747,774,1627,392,550.0
1715,678,1604,322,550.0
1684,585,1581,254,550.0
1657,503,1561,194,550.0
1652,488,1557,182,550.0
131,1020,701,987,594.0
156,1020,726,987,594.0
286,1020,856,987,594.0
403,1020,974,987,594.0
521,1020,1091,987,594.0
639,1020,1209,987,594.0
756,1020,1326,987,594.0
874,1020,1444,987,594.0
991,1020,1562,987,594.0
1109,1020,1679,987,594.0
1227,1020,1797,987,594.0
1231,920,1779,888,594.0
1119,916,1667,884,594.0
1006,916,1554,884,594.0
893,916,1441,884,594.0
780,916,1328,884,594.0
667,916,1215,884,594.0
555,916,1102,884,594.0
442,916,989,884,594.0
329,916,876,884,594.0
216,916,763,884,594.0
111,899,655,867,594.0
153,844,685,812,594.0
263,844,795,812,594.0
373,844,905,812,594.0
482,844,1014,812,594.0
592,844,1124,812,594.0
702,844,1234,812,594.0
812,844,1344,812,594.0
921,844,1453,812,594.0
1031,844,1563,812,594.0
1141,844,1673,812,594.0
1247,840,1778,808,594.0
1214,762,1728,731,594.0
1108,762,1622,731,594.0
1002,762,1516,731,594.0
896,762,1410,731,594.0
790,762,1304,731,594.0
684,762,1198,731,594.0
572,762,1086,731,594.0
466,762,980,731,594.0
360,762,874,731,594.0
254,762,768,731,594.0
148,762,662,731,594.0
140,695,639,664,594.0
246,682,742,651,594.0
349,682,845,651,594.0
451,682,947,651,594.0
553,682,1050,651,594.0
661,682,1157,651,594.0
763,682,1260,651,594.0
866,682,1362,651,594.0
968,682,1465,651,594.0
1071,682,1567,651,594.0
1173,682,1669,651,594.0
1275,682,1772,651,594.0
1286,618,1769,588,594.0
1190,609,1671,579,594.0
1091,609,1572,579,594.0
992,609,1472,579,594.0
893,609,1373,579,594.0
794,609,1274,579,594.0
695,609,1175,579,594.0
590,609,1071,579,594.0
491,609,972,579,594.0
392,609,872,579,594.0
293,609,773,579,594.0
194,609,674,579,594.0
129,572,601,542,594.0
207,539,672,509,594.0
303,539,768,509,594.0
399,539,864,509,594.0
495,539,960,509,594.0
591,539,1056,509,594.0
687,539,1152,509,594.0
783,539,1248,509,594.0
879,539,1344,509,594.0
980,539,1445,509,594.0
1076,539,1541,509,594.0
1172,539,1637,509,594.0
1268,539,1733,509,594.0
1329,504,1787,474,594.0
1251,471,1702,442,594.0
1158,471,1609,442,594.0
1065,471,1516,442,594.0
972,471,1423,442,594.0
874,471,1325,442,594.0
782,471,1232,442,594.0
689,471,1139,442,594.0
596,471,1046,442,594.0
503,471,953,442,594.0
410,471,860,442,594.0
312,471,762,442,594.0
219,471,670,442,594.0
140,457,588,428,594.0
141,408,577,379,594.0
231,408,668,379,594.0
326,408,762,379,594.0
416,408,852,379,594.0
506,408,943,379,594.0
596,408,1033,379,594.0
686,408,1123,379,594.0
776,408,1213,379,594.0
871,408,1308,379,594.0
961,408,1398,379,594.0
1051,408,1488,379,594.0
1146,408,1583,379,594.0
1236,408,1673,379,594.0
1326,408,1763,379,594.0
1401,390,1834,361,594.0
1320,369,1748,340,594.0
1236,369,1665,340,594.0
1144,369,1572,340,594.0
1055,369,1483,340,594.0
967,369,1395,340,594.0
879,369,1307,340,594.0
790,369,1218,340,594.0
697,369,1125,340,594.0
609,369,1037,340,594.0
521,369,949,340,594.0
432,369,860,340,594.0
344,369,772,340,594.0
256,369,684,340,594.0
167,369,596,340,594.0
136,330,556,302,594.0
221,321,639,293,594.0
308,321,725,293,594.0
394,321,811,293,594.0
480,321,898,293,594.0
566,321,984,293,594.0
652,321,1070,293,594.0
738,321,1156,293,594.0
824,321,1242,293,594.0
915,321,1333,293,594.0
1001,321,1419,293,594.0
1088,321,1505,293,594.0
1174,321,1592,293,594.0
1260,321,1678,293,594.0
1346,321,1764,293,594.0
1376,280,1785,252,594.0
1296,269,1703,241,594.0
1213,269,1619,241,594.0
1124,269,1531,241,594.0
1040,269,1447,241,594.0
957,269,1363,241,594.0
873,269,1279,241,594.0
789,269,1195,241,594.0
705,269,1112,241,594.0
617,269,1023,241,594.0
533,269,939,241,594.0
449,269,856,241,594.0
365,269,772,241,594.0
282,269,688,241,594.0
198,269,604,241,594.0
118,266,523,238,594.0
161,239,561,212,594.0
248,239,648,212,594.0
330,239,730,212,594.0
413,239,813,212,594.0
495,239,895,212,594.0
578,239,978,212,594.0
660,239,1060,212,594.0
743,239,1143,212,594.0
825,239,1225,212,594.0
908,239,1308,212,594.0
990,239,1390,212,594.0
1077,239,1477,212,594.0
1160,239,1560,212,594.0
1242,239,1642,212,594.0
1325,239,1725,212,594.0
1407,239,1807,212,594.0
1455,239,1855,212,594.0
72,1068,572,705,594.0
78,1068,578,705,594.0
198,1068,683,705,594.0
324,1068,793,705,594.0
444,1068,898,705,594.0
563,1068,1003,705,594.0
683,1068,1108,705,594.0
809,1068,1218,705,594.0
929,1068,1323,705,594.0
1049,1068,1428,705,594.0
1168,1068,1532,705,594.0
1288,1068,1637,705,594.0
1408,1068,1742,705,594.0
1520,1058,1839,697,594.0
1475,969,1791,629,594.0
1360,969,1689,629,594.0
1245,969,1588,629,594.0
1129,969,1486,629,594.0
1008,969,1380,629,594.0
893,969,1278,629,594.0
778,969,1177,629,594.0
662,969,1075,629,594.0
547,969,974,629,594.0
432,969,873,629,594.0
317,969,771,629,594.0
201,969,670,629,594.0
94,960,574,622,594.0
108,885,574,564,594.0
220,885,673,564,594.0
331,885,771,564,594.0
443,885,870,564,594.0
554,885,968,564,594.0
666,885,1067,564,594.0
777,885,1165,564,594.0
889,885,1264,564,594.0
1000,885,1362,564,594.0
1112,885,1460,564,594.0
1223,885,1559,564,594.0
1335,885,1657,564,594.0
1446,885,1756,564,594.0
1502,812,1797,507,594.0
1400,788,1704,488,594.0
1293,788,1609,488,594.0
1186,788,1514,488,594.0
1079,788,1419,488,594.0
966,788,1319,488,594.0
859,788,1224,488,594.0
746,788,1124,488,594.0
634,788,1024,488,594.0
521,788,924,488,594.0
414,788,829,488,594.0
307,788,734,488,594.0
194,788,634,488,594.0
97,776,546,479,594.0
182,742,616,452,594.0
293,742,714,452,594.0
398,742,808,452,594.0
508,742,906,452,594.0
619,742,1004,452,594.0
729,742,1103,452,594.0
840,742,1201,452,594.0
945,742,1294,452,594.0
1050,742,1388,452,594.0
1161,742,1486,452,594.0
1266,742,1579,452,594.0
1376,742,1678,452,594.0
1475,734,1765,446,594.0
1473,661,1755,389,594.0
1373,657,1665,386,594.0
1266,657,1570,386,594.0
1159,657,1474,386,594.0
1053,657,1379,386,594.0
941,657,1279,386,594.0
834,657,1184,386,594.0
728,657,1089,386,594.0
621,657,994,386,594.0
514,657,899,386,594.0
402,657,799,386,594.0
296,657,703,386,594.0
189,657,608,386,594.0
108,633,532,367,594.0
201,609,611,347,594.0
305,609,704,347,594.0
410,609,797,347,594.0
519,609,895,347,594.0
623,609,989,347,594.0
728,609,1082,347,594.0
832,609,1175,347,594.0
936,609,1269,347,594.0
1040,609,1362,347,594.0
1145,609,1455,347,594.0
1249,609,1548,347,594.0
1353,609,1642,347,594.0
1458,609,1735,347,594.0
1531,574,1797,319,594.0
1449,541,1720,293,594.0
1348,541,1629,293,594.0
1247,541,1539,293,594.0
1146,541,1448,293,594.0
1040,541,1353,293,594.0
939,541,1262,293,594.0
838,541,1171,293,594.0
737,541,1080,293,594.0
636,541,990,293,594.0
535,541,899,293,594.0
429,541,804,293,594.0
328,541,713,293,594.0
227,541,622,293,594.0
126,541,532,293,594.0
145,498,542,259,594.0
244,498,631,259,594.0
343,498,720,259,594.0
442,498,809,259,594.0
541,498,898,259,594.0
640,498,987,259,594.0
744,498,1081,259,594.0
843,498,1170,259,594.0
947,498,1263,259,594.0
1046,498,1352,259,594.0
1145,498,1442,259,594.0
1239,498,1526,259,594.0
1338,498,1615,259,594.0
1437,498,1704,259,594.0
1536,498,1793,259,594.0
1574,451,1823,221,594.0
1486,440,1741,213,594.0
1389,440,1654,213,594.0
1298,440,1572,213,594.0
1201,440,1485,213,594.0
1110,440,1402,213,594.0
1014,440,1315,213,594.0
922,440,1233,213,594.0
826,440,1146,213,594.0
734,440,1064,213,594.0
638,440,977,213,594.0
546,440,894,213,594.0
450,440,807,213,594.0
354,440,720,213,594.0
257,440,633,213,594.0
161,440,547,213,594.0
91,419,480,195,594.0
181,399,557,179,594.0
271,399,638,179,594.0
365,399,724,179,594.0
459,399,809,179,594.0
549,399,890,179,594.0
643,399,975,179,594.0
733,399,1056,179,594.0
827,399,1142,179,594.0
922,399,1227,179,594.0
1011,399,1308,179,594.0
1106,399,1393,179,594.0
1200,399,1478,179,594.0
1290,399,1559,179,594.0
1384,399,1645,179,594.0
1474,399,1726,179,594.0
1544,399,1790,179,594.0
103,1067,250,578,594.0
122,1067,265,578,594.0
248,1067,370,578,594.0
374,1067,474,578,594.0
494,1067,573,578,594.0
620,1067,677,578,594.0
746,1067,782,578,594.0
871,1067,886,578,594.0
991,1067,985,578,594.0
1117,1067,1089,578,594.0
1243,1067,1194,578,594.0
1369,1067,1298,578,594.0
1495,1067,1402,578,594.0
1621,1067,1506,578,594.0
1747,1067,1611,578,594.0
1819,1012,1673,540,594.0
1712,970,1586,512,594.0
1591,970,1485,512,594.0
1463,970,1379,512,594.0
1342,970,1277,512,594.0
1221,970,1176,512,594.0
1099,970,1075,512,594.0
978,970,974,512,594.0
856,970,873,512,594.0
729,970,767,512,594.0
608,970,665,512,594.0
486,970,564,512,594.0
365,970,463,512,594.0
243,970,362,512,594.0
122,970,261,512,594.0
138,901,271,464,594.0
262,901,375,464,594.0
380,901,474,464,594.0
499,901,573,464,594.0
617,901,672,464,594.0
741,901,776,464,594.0
859,901,874,464,594.0
971,901,968,464,594.0
1095,901,1072,464,594.0
1213,901,1171,464,594.0
1325,901,1265,464,594.0
1443,901,1364,464,594.0
1567,901,1468,464,594.0
1685,901,1567,464,594.0
1783,877,1650,447,594.0
1742,800,1618,393,594.0
1628,800,1523,393,594.0
1515,800,1427,393,594.0
1396,800,1327,393,594.0
1288,800,1236,393,594.0
1169,800,1136,393,594.0
1056,800,1040,393,594.0
948,800,950,393,594.0
835,800,854,393,594.0
716,800,754,393,594.0
609,800,663,393,594.0
490,800,563,393,594.0
376,800,467,393,594.0
263,800,372,393,594.0
150,800,276,393,594.0
144,754,269,361,594.0
255,754,363,361,594.0
366,754,457,361,594.0
483,754,556,361,594.0
594,754,650,361,594.0
705,754,744,361,594.0
822,754,842,361,594.0
933,754,936,361,594.0
1044,754,1030,361,594.0
1155,754,1124,361,594.0
1266,754,1218,361,594.0
1378,754,1312,361,594.0
1489,754,1406,361,594.0
1605,754,1505,361,594.0
1717,754,1599,361,594.0
1780,700,1655,322,594.0
1695,652,1585,288,594.0
1589,652,1494,288,594.0
1477,652,1399,288,594.0
1371,652,1309,288,594.0
1264,652,1218,288,594.0
1158,652,1128,288,594.0
1052,652,1037,288,594.0
940,652,942,288,594.0
834,652,852,288,594.0
728,652,761,288,594.0
621,652,671,288,594.0
515,652,581,288,594.0
403,652,486,288,594.0
297,652,395,288,594.0
191,652,305,288,594.0
108,626,233,269,594.0
157,590,273,243,594.0
260,590,361,243,594.0
364,590,450,243,594.0
467,590,538,243,594.0
576,590,631,243,594.0
679,590,719,243,594.0
777,590,803,243,594.0
886,590,896,243,594.0
989,590,984,243,594.0
1093,590,1073,243,594.0
1196,590,1161,243,594.0
1305,590,1254,243,594.0
1408,590,1342,243,594.0
1516,590,1435,243,594.0
1620,590,1523,243,594.0
1723,590,1612,243,594.0
1801,563,1679,223,594.0
1751,519,1639,192,594.0
1646,519,1548,192,594.0
1546,519,1463,192,594.0
1446,519,1377,192,594.0
1346,519,1291,192,594.0
1246,519,1205,192,594.0
1146,519,1119,192,594.0
1046,519,1033,192,594.0
941,519,943,192,594.0
841,519,857,192,594.0
741,519,771,192,594.0
641,519,685,192,594.0
536,519,595,192,594.0
436,519,509,192,594.0
336,519,423,192,594.0
236,519,337,192,594.0
131,519,247,192,594.0
126,519,243,192,594.0
72,1087,224,591,594.0
78,1067,229,578,594.0
118,947,256,496,594.0
155,837,282,419,594.0
188,735,306,348,594.0
219,643,329,281,594.0
248,557,350,219,594.0
348,536,434,204,594.0
353,609,441,257,594.0
328,700,423,322,594.0
300,797,403,391,594.0
271,904,382,466,594.0
238,1021,360,546,594.0
210,1122,340,615,594.0
306,1094,419,596,594.0
336,971,439,512,594.0
365,853,460,431,594.0
390,751,477,358,594.0
413,657,494,291,594.0
435,570,510,228,594.0
522,543,584,209,594.0
559,596,617,247,594.0
544,680,606,308,594.0
525,781,592,380,594.0
505,886,578,454,594.0
484,1001,563,533,594.0
474,1057,556,571,594.0
587,1057,650,571,594.0
659,1032,709,554,594.0
672,914,719,473,594.0
685,807,728,398,594.0
696,708,736,328,594.0
707,617,743,263,594.0
715,550,749,214,594.0
766,550,793,214,594.0
790,619,815,264,594.0
783,710,809,330,594.0
776,809,804,399,594.0
767,917,798,475,594.0
758,1034,791,556,594.0
756,1059,790,573,594.0
856,1059,873,573,594.0
890,992,901,527,594.0
893,878,903,448,594.0
896,773,905,374,594.0
899,673,907,303,594.0
901,585,909,239,594.0
977,555,974,218,594.0
1034,603,1022,253,594.0
1037,693,1024,317,594.0
1040,790,1027,386,594.0
1043,896,1029,460,594.0
1045,964,1030,508,594.0
1070,964,1051,508,594.0
1120,896,1093,460,594.0
1113,790,1088,386,594.0
1107,693,1084,317,594.0
1102,603,1080,253,594.0
1096,520,1076,192,594.0
1165,501,1135,178,594.0
1193,572,1159,230,594.0
1202,655,1165,290,594.0
1212,749,1172,357,594.0
1223,851,1180,429,594.0
1235,969,1189,511,594.0
1247,1085,1197,590,594.0
1266,1085,1213,590,594.0
1357,1053,1288,569,594.0
1339,934,1276,487,594.0
1323,825,1265,411,594.0
1308,725,1254,340,594.0
1294,628,1244,271,594.0
1286,546,1239,211,594.0
1381,537,1321,205,594.0
1429,597,1360,248,594.0
1447,686,1373,312,594.0
1468,782,1388,381,594.0
1491,893,1404,458,594.0
1516,1009,1421,538,594.0
1524,1045,1427,563,594.0
1567,1045,1463,563,594.0
1598,967,1491,510,594.0
1570,855,1472,432,594.0
1545,753,1454,360,594.0
1522,658,1437,292,594.0
1499,567,1421,227,594.0
1490,530,1414,200,594.0
1550,530,1466,200,594.0
1587,603,1494,253,594.0
1612,693,1513,317,594.0
1640,790,1533,386,594.0
1670,896,1554,461,594.0
1704,1018,1578,545,594.0
1708,1031,1580,553,594.0
1722,1081,1590,587,594.0
1785,1081,1642,587,594.0
1787,985,1648,522,594.0
1751,871,1623,443,594.0
1718,767,1599,370,594.0
1687,672,1578,302,594.0
1658,580,1556,236,594.0
1645,538,1547,206,594.0
76,1098,695,1066,647.0
101,1098,720,1066,647.0
235,1098,854,1066,647.0
369,1098,988,1066,647.0
496,1098,1116,1066,647.0
624,1098,1243,1066,647.0
751,1098,1371,1066,647.0
879,1098,1499,1066,647.0
1006,1098,1626,1066,647.0
1134,1098,1754,1066,647.0
1181,1016,1783,984,647.0
1078,980,1671,949,647.0
950,980,1543,949,647.0
829,980,1421,949,647.0
707,980,1299,949,647.0
579,980,1171,949,647.0
451,980,1043,949,647.0
329,980,921,949,647.0
207,980,799,949,647.0
85,980,677,949,647.0
150,911,725,880,647.0
268,911,844,880,647.0
387,911,963,880,647.0
511,911,1087,880,647.0
630,911,1206,880,647.0
748,911,1325,880,647.0
867,911,1444,880,647.0
986,911,1562,880,647.0
1104,911,1681,880,647.0
1223,911,1800,880,647.0
1242,831,1801,800,647.0
1121,831,1680,800,647.0
1007,831,1565,800,647.0
892,831,1450,800,647.0
777,831,1335,800,647.0
662,831,1220,800,647.0
548,831,1105,800,647.0
433,831,990,800,647.0
318,831,876,800,647.0
203,831,761,800,647.0
91,823,646,792,647.0
145,774,689,744,647.0
257,774,801,744,647.0
374,774,919,744,647.0
486,774,1031,744,647.0
598,774,1143,744,647.0
711,774,1255,744,647.0
823,774,1368,744,647.0
935,774,1480,744,647.0
1052,774,1598,744,647.0
1164,774,1710,744,647.0
1264,755,1806,725,647.0
1208,708,1738,677,647.0
1104,708,1634,677,647.0
990,708,1520,677,647.0
881,708,1411,677,647.0
772,708,1302,677,647.0
663,708,1192,677,647.0
549,708,1078,677,647.0
440,708,969,677,647.0
331,708,860,677,647.0
222,708,751,677,647.0
107,708,636,677,647.0
113,663,631,633,647.0
225,663,743,633,647.0
332,663,850,633,647.0
438,663,957,633,647.0
545,663,1064,633,647.0
652,663,1171,633,647.0
764,663,1283,633,647.0
871,663,1390,633,647.0
978,663,1497,633,647.0
1085,663,1604,633,647.0
1191,663,1711,633,647.0
1287,646,1803,616,647.0
1229,597,1734,568,647.0
1125,597,1630,568,647.0
1017,597,1521,568,647.0
913,597,1417,568,647.0
809,597,1313,568,647.0
700,597,1204,568,647.0
597,597,1101,568,647.0
493,597,997,568,647.0
389,597,893,568,647.0
285,597,789,568,647.0
182,597,685,568,647.0
107,567,603,537,647.0
157,526,644,497,647.0
263,526,750,497,647.0
358,526,845,497,647.0
463,526,951,497,647.0
564,526,1051,497,647.0
664,526,1152,497,647.0
764,526,1252,497,647.0
870,526,1358,497,647.0
970,526,1458,497,647.0
1070,526,1559,497,647.0
1171,526,1659,497,647.0
1271,526,1759,497,647.0
1342,486,1822,458,647.0
1259,459,1732,431,647.0
1162,459,1635,431,647.0
1065,459,1537,431,647.0
968,459,1440,431,647.0
870,459,1343,431,647.0
773,459,1246,431,647.0
676,459,1148,431,647.0
579,459,1051,431,647.0
482,459,954,431,647.0
380,459,852,431,647.0
287,459,759,431,647.0
185,459,657,431,647.0
110,437,577,409,647.0
123,394,580,366,647.0
217,394,674,366,647.0
311,394,768,366,647.0
405,394,862,366,647.0
504,394,961,366,647.0
598,394,1056,366,647.0
692,394,1150,366,647.0
787,394,1244,366,647.0
885,394,1343,366,647.0
979,394,1437,366,647.0
1074,394,1531,366,647.0
1168,394,1625,366,647.0
1262,394,1720,366,647.0
1334,366,1786,338,647.0
1272,338,1717,311,647.0
1176,338,1621,311,647.0
1085,338,1530,311,647.0
993,338,1438,311,647.0
897,338,1342,311,647.0
810,338,1255,311,647.0
719,338,1163,311,647.0
623,338,1067,311,647.0
531,338,976,311,647.0
440,338,884,311,647.0
348,338,792,311,647.0
257,338,701,311,647.0
165,338,609,311,647.0
105,311,543,284,647.0
190,295,625,268,647.0
284,295,719,268,647.0
374,295,808,268,647.0
468,295,902,268,647.0
557,295,992,268,647.0
646,295,1081,268,647.0
736,295,1171,268,647.0
830,295,1265,268,647.0
919,295,1354,268,647.0
1013,295,1448,268,647.0
1103,295,1538,268,647.0
1192,295,1627,268,647.0
1281,295,1717,268,647.0
1364,288,1798,261,647.0
1349,241,1772,214,647.0
1262,241,1685,214,647.0
1171,241,1594,214,647.0
1084,241,1507,214,647.0
997,241,1420,214,647.0
910,241,1333,214,647.0
819,241,1242,214,647.0
732,241,1155,214,647.0
645,241,1068,214,647.0
559,241,981,214,647.0
467,241,889,214,647.0
381,241,802,214,647.0
294,241,715,214,647.0
207,241,629,214,647.0
120,241,542,214,647.0
116,241,537,214,647.0
105,1045,584,652,647.0
142,1045,617,652,647.0
267,1045,725,652,647.0
398,1045,838,652,647.0
523,1045,946,652,647.0
648,1045,1053,652,647.0
773,1045,1161,652,647.0
898,1045,1269,652,647.0
1023,1045,1377,652,647.0
1148,1045,1485,652,647.0
1273,1045,1593,652,647.0
1398,1045,1700,652,647.0
1522,1045,1808,652,647.0
1558,984,1834,607,647.0
1467,913,1748,554,647.0
1348,913,1645,554,647.0
1230,913,1541,554,647.0
1111,913,1438,554,647.0
986,913,1330,554,647.0
868,913,1227,554,647.0
749,913,1123,554,647.0
630,913,1020,554,647.0
506,913,912,554,647.0
387,913,809,554,647.0
268,913,706,554,647.0
149,913,602,554,647.0
108,913,566,554,647.0
189,845,626,503,647.0
305,845,727,503,647.0
420,845,828,503,647.0
541,845,933,503,647.0
657,845,1034,503,647.0
772,845,1135,503,647.0
888,845,1236,503,647.0
1003,845,1336,503,647.0
1124,845,1442,503,647.0
1240,845,1543,503,647.0
1355,845,1644,503,647.0
1476,845,1749,503,647.0
1540,845,1805,503,647.0
1518,753,1777,433,647.0
1416,743,1687,425,647.0
1306,743,1590,425,647.0
1190,743,1488,425,647.0
1079,743,1391,425,647.0
968,743,1294,425,647.0
858,743,1197,425,647.0
747,743,1100,425,647.0
636,743,1003,425,647.0
526,743,906,425,647.0
415,743,808,425,647.0
305,743,711,425,647.0
194,743,614,425,647.0
100,743,532,425,647.0
127,684,546,380,647.0
234,681,640,378,647.0
342,681,734,378,647.0
449,681,829,378,647.0
557,681,924,378,647.0
665,681,1019,378,647.0
778,681,1118,378,647.0
885,681,1213,378,647.0
993,681,1308,378,647.0
1101,681,1402,378,647.0
1208,681,1497,378,647.0
1316,681,1592,378,647.0
1424,681,1687,378,647.0
1531,681,1781,378,647.0
1546,676,1794,374,647.0
1511,598,1756,314,647.0
1408,598,1664,314,647.0
1299,598,1568,314,647.0
1195,598,1476,314,647.0
1091,598,1384,314,647.0
982,598,1288,314,647.0
878,598,1196,314,647.0
775,598,1105,314,647.0
671,598,1013,314,647.0
567,598,921,314,647.0
463,598,829,314,647.0
359,598,738,314,647.0
256,598,646,314,647.0
147,598,550,314,647.0
126,598,531,314,647.0
172,544,563,272,647.0
273,544,653,272,647.0
374,544,743,272,647.0
481,544,837,272,647.0
582,544,927,272,647.0
683,544,1016,272,647.0
784,544,1106,272,647.0
891,544,1200,272,647.0
992,544,1290,272,647.0
1093,544,1380,272,647.0
1194,544,1469,272,647.0
1295,544,1559,272,647.0
1402,544,1653,272,647.0
1503,544,1743,272,647.0
1528,544,1765,272,647.0
1518,504,1752,241,647.0
1439,485,1680,225,647.0
1340,485,1592,225,647.0
1242,485,1505,225,647.0
1144,485,1418,225,647.0
1045,485,1330,225,647.0
942,485,1238,225,647.0
843,485,1151,225,647.0
745,485,1063,225,647.0
647,485,976,225,647.0
548,485,888,225,647.0
450,485,801,225,647.0
351,485,713,225,647.0
253,485,626,225,647.0
155,485,538,225,647.0
135,485,521,225,647.0
144,462,525,208,647.0
212,436,581,187,647.0
308,436,667,187,647.0
409,436,757,187,647.0
505,436,843,187,647.0
601,436,928,187,647.0
697,436,1014,187,647.0
793,436,1100,187,647.0
889,436,1185,187,647.0
986,436,1271,187,647.0
1082,436,1357,187,647.0
1178,436,1442,187,647.0
1279,436,1532,187,647.0
1375,436,1618,187,647.0
1471,436,1703,187,647.0
1572,436,1793,187,647.0
1591,436,1810,187,647.0
92,1063,267,530,647.0
217,1063,369,530,647.0
343,1063,471,530,647.0
475,1063,578,530,647.0
601,1063,680,530,647.0
727,1063,782,530,647.0
852,1063,884,530,647.0
984,1063,991,530,647.0
1110,1063,1093,530,647.0
1236,1063,1195,530,647.0
1362,1063,1297,530,647.0
1494,1063,1404,530,647.0
1620,1063,1506,530,647.0
1745,1063,1608,530,647.0
1846,1063,1690,530,647.0
1815,987,1669,480,647.0
1698,950,1575,455,647.0
1578,950,1476,455,647.0
1452,950,1373,455,647.0
1331,950,1275,455,647.0
1211,950,1176,455,647.0
1090,950,1078,455,647.0
964,950,974,455,647.0
850,950,881,455,647.0
729,950,782,455,647.0
603,950,679,455,647.0
482,950,581,455,647.0
362,950,482,455,647.0
242,950,384,455,647.0
132,936,294,446,647.0
144,853,299,391,647.0
266,853,399,391,647.0
382,853,495,391,647.0
498,853,590,391,647.0
614,853,686,391,647.0
816,853,852,391,647.0
938,853,953,391,647.0
1054,853,1048,391,647.0
1170,853,1143,391,647.0
1285,853,1239,391,647.0
1401,853,1334,391,647.0
1517,853,1429,391,647.0
1633,853,1525,391,647.0
1749,853,1620,391,647.0
1798,801,1663,355,647.0
1724,729,1605,307,647.0
1614,729,1514,307,647.0
1499,729,1418,307,647.0
1389,729,1326,307,647.0
1279,729,1235,307,647.0
1169,729,1144,307,647.0
1059,729,1052,307,647.0
949,729,961,307,647.0
839,729,870,307,647.0
729,729,778,307,647.0
613,729,682,307,647.0
503,729,591,307,647.0
393,729,500,307,647.0
283,729,408,307,647.0
173,729,317,307,647.0
103,685,256,276,647.0
210,662,344,260,647.0
316,662,433,260,647.0
423,662,522,260,647.0
535,662,616,260,647.0
642,662,705,260,647.0
749,662,794,260,647.0
856,662,883,260,647.0
968,662,977,260,647.0
1075,662,1066,260,647.0
1181,662,1155,260,647.0
1288,662,1244,260,647.0
1395,662,1333,260,647.0
1502,662,1422,260,647.0
1609,662,1512,260,647.0
1721,662,1605,260,647.0
1780,619,1657,231,647.0
1687,588,1580,209,647.0
1584,588,1493,209,647.0
1480,588,1407,209,647.0
1377,588,1320,209,647.0
1274,588,1233,209,647.0
1165,588,1142,209,647.0
1062,588,1055,209,647.0
959,588,969,209,647.0
856,588,882,209,647.0
752,588,795,209,647.0
649,588,709,209,647.0
541,588,618,209,647.0
437,588,531,209,647.0
329,588,440,209,647.0
226,588,353,209,647.0
122,588,267,209,647.0
107,588,254,209,647.0
102,1055,275,524,647.0
104,1049,277,520,647.0
143,930,302,442,647.0
178,821,326,369,647.0
212,716,349,298,647.0
242,625,369,235,647.0
308,573,422,198,647.0
349,625,458,235,647.0
323,716,441,298,647.0
296,816,422,365,647.0
266,924,402,438,647.0
233,1042,381,516,647.0
278,1109,420,559,647.0
385,1055,505,524,647.0
411,935,522,446,647.0
435,826,538,372,647.0
457,726,552,304,647.0
477,634,566,241,647.0
524,570,603,196,647.0
597,598,665,216,647.0
581,692,655,281,647.0
565,789,644,348,647.0
547,895,632,419,647.0
528,1011,620,496,647.0
608,1058,686,526,647.0
697,993,757,484,647.0
709,873,765,404,647.0
720,769,772,334,647.0
730,674,778,268,647.0
739,585,784,207,647.0
834,562,864,190,647.0
854,635,882,242,647.0
850,732,879,309,647.0
845,833,876,377,647.0
839,943,872,451,647.0
862,1051,892,522,647.0
982,1028,989,506,647.0
981,910,988,429,647.0
981,803,988,357,647.0
980,705,987,290,647.0
979,614,986,227,647.0
1039,570,1036,197,647.0
1100,621,1087,232,647.0
1106,712,1091,295,647.0
1112,811,1096,362,647.0
1118,919,1101,434,647.0
1169,1006,1142,492,647.0
1279,984,1231,478,647.0
1265,870,1222,402,647.0
1252,761,1212,329,647.0
1240,666,1204,263,647.0
1229,575,1196,199,647.0
1316,575,1269,200,647.0
1334,661,1282,260,647.0
1350,761,1294,328,647.0
1367,864,1305,398,647.0
1385,977,1318,473,647.0
1458,1051,1376,522,647.0
1528,992,1435,483,647.0
1504,878,1418,407,647.0
1481,773,1402,337,647.0
1459,673,1386,268,647.0
1440,585,1372,207,647.0
1521,578,1441,202,647.0
1551,663,1463,261,647.0
1577,763,1481,330,647.0
1603,866,1500,399,647.0
1633,979,1520,475,647.0
1720,1050,1588,521,647.0
1824,1083,1671,543,647.0
1813,1051,1664,522,647.0
1775,932,1638,443,647.0
1740,823,1614,370,647.0
1708,723,1592,302,647.0
1679,631,1571,239,647.0
1651,546,1552,180,647.0
87,1050,736,998,700.0
124,1050,773,998,700.0
249,1050,898,998,700.0
374,1050,1022,998,700.0
505,1050,1153,998,700.0
624,1050,1271,998,700.0
755,1050,1401,998,700.0
880,1050,1526,998,700.0
1005,1050,1650,998,700.0
1136,1050,1781,998,700.0
1178,978,1805,927,700.0
1063,961,1686,911,700.0
942,961,1566,911,700.0
822,961,1446,911,700.0
701,961,1326,911,700.0
580,961,1206,911,700.0
459,961,1085,911,700.0
333,961,959,911,700.0
212,961,839,911,700.0
99,952,725,902,700.0
149,873,755,824,700.0
265,873,871,824,700.0
388,873,993,824,700.0
504,873,1109,824,700.0
621,873,1225,824,700.0
743,873,1347,824,700.0
860,873,1463,824,700.0
977,873,1579,824,700.0
1093,873,1695,824,700.0
1194,846,1788,797,700.0
1160,784,1740,737,700.0
1048,784,1628,737,700.0
930,784,1511,737,700.0
818,784,1399,737,700.0
705,784,1287,737,700.0
587,784,1170,737,700.0
475,784,1058,737,700.0
363,784,946,737,700.0
245,784,828,737,700.0
132,784,716,737,700.0
141,722,710,676,700.0
250,722,819,676,700.0
360,722,928,676,700.0
469,722,1037,676,700.0
579,722,1146,676,700.0
694,722,1260,676,700.0
803,722,1369,676,700.0
912,722,1478,676,700.0
1022,722,1587,676,700.0
1131,722,1696,676,700.0
1223,700,1782,654,700.0
1146,653,1694,608,700.0
1035,653,1583,608,700.0
928,653,1477,608,700.0
817,653,1366,608,700.0
711,653,1261,608,700.0
605,653,1155,608,700.0
498,653,1049,608,700.0
387,653,938,608,700.0
281,653,832,608,700.0
169,653,721,608,700.0
115,603,655,559,700.0
217,589,753,545,700.0
320,589,856,545,700.0
423,589,958,545,700.0
531,589,1066,545,700.0
634,589,1169,545,700.0
738,589,1272,545,700.0
841,589,1374,545,700.0
944,589,1477,545,700.0
1047,589,1580,545,700.0
1150,589,1683,545,700.0
1258,589,1791,545,700.0
1270,542,1791,499,700.0
1172,537,1691,494,700.0
1066,537,1586,494,700.0
965,537,1486,494,700.0
864,537,1385,494,700.0
764,537,1285,494,700.0
663,537,1185,494,700.0
562,537,1085,494,700.0
457,537,979,494,700.0
356,537,879,494,700.0
255,537,779,494,700.0
155,537,678,494,700.0
121,497,635,454,700.0
218,488,730,446,700.0
321,488,833,446,700.0
420,488,931,446,700.0
518,488,1029,446,700.0
621,488,1131,446,700.0
720,488,1230,446,700.0
823,488,1332,446,700.0
922,488,1430,446,700.0
1020,488,1529,446,700.0
1118,488,1627,446,700.0
1222,488,1729,446,700.0
1313,480,1818,438,700.0
1272,427,1765,386,700.0
1176,427,1669,386,700.0
1081,427,1574,386,700.0
981,427,1474,386,700.0
885,427,1379,386,700.0
790,427,1284,386,700.0
694,427,1189,386,700.0
599,427,1094,386,700.0
503,427,999,386,700.0
403,427,899,386,700.0
307,427,804,386,700.0
212,427,708,386,700.0
120,424,617,383,700.0
118,376,602,336,700.0
211,376,695,336,700.0
304,376,788,336,700.0
397,376,880,336,700.0
490,376,973,336,700.0
588,376,1070,336,700.0
681,376,1163,336,700.0
774,376,1256,336,700.0
867,376,1349,336,700.0
965,376,1446,336,700.0
1058,376,1539,336,700.0
1151,376,1632,336,700.0
1249,376,1729,336,700.0
1333,366,1811,326,700.0
1289,322,1757,283,700.0
1199,322,1666,283,700.0
1108,322,1576,283,700.0
1018,322,1486,283,700.0
927,322,1396,283,700.0
832,322,1301,283,700.0
742,322,1211,283,700.0
651,322,1120,283,700.0
561,322,1030,283,700.0
470,322,940,283,700.0
375,322,845,283,700.0
284,322,755,283,700.0
194,322,665,283,700.0
105,317,575,278,700.0
158,281,619,243,700.0
247,281,708,243,700.0
335,281,796,243,700.0
429,281,889,243,700.0
517,281,977,243,700.0
606,281,1065,243,700.0
699,281,1158,243,700.0
787,281,1246,243,700.0
876,281,1335,243,700.0
965,281,1423,243,700.0
1053,281,1511,243,700.0
1142,281,1600,243,700.0
1235,281,1692,243,700.0
1324,281,1781,243,700.0
1353,238,1800,200,700.0
1273,222,1716,185,700.0
1187,222,1630,185,700.0
1097,222,1541,185,700.0
1011,222,1455,185,700.0
925,222,1369,185,700.0
840,222,1284,185,700.0
754,222,1198,185,700.0
664,222,1109,185,700.0
578,222,1023,185,700.0
492,222,938,185,700.0
406,222,852,185,700.0
320,222,766,185,700.0
230,222,677,185,700.0
144,222,591,185,700.0
84,222,531,185,700.0
77,1066,606,647,700.0
146,1066,665,647,700.0
272,1066,773,647,700.0
398,1066,880,647,700.0
524,1066,988,647,700.0
650,1066,1096,647,700.0
776,1066,1203,647,700.0
902,1066,1311,647,700.0
1028,1066,1418,647,700.0
1154,1066,1526,647,700.0
1286,1066,1639,647,700.0
1412,1066,1747,647,700.0
1495,999,1811,598,700.0
1394,948,1718,561,700.0
1273,948,1615,561,700.0
1153,948,1511,561,700.0
1033,948,1408,561,700.0
912,948,1304,561,700.0
792,948,1201,561,700.0
672,948,1097,561,700.0
545,948,989,561,700.0
425,948,885,561,700.0
305,948,782,561,700.0
184,948,678,561,700.0
69,943,578,557,700.0
149,897,639,523,700.0
267,897,741,523,700.0
391,897,848,523,700.0
509,897,950,523,700.0
627,897,1051,523,700.0
745,897,1153,523,700.0
863,897,1255,523,700.0
981,897,1357,523,700.0
1105,897,1463,523,700.0
1223,897,1565,523,700.0
1341,897,1667,523,700.0
1458,897,1768,523,700.0
1519,830,1814,474,700.0
1411,797,1716,449,700.0
1298,797,1618,449,700.0
1184,797,1520,449,700.0
1071,797,1422,449,700.0
958,797,1324,449,700.0
839,797,1221,449,700.0
726,797,1122,449,700.0
613,797,1024,449,700.0
500,797,926,449,700.0
386,797,828,449,700.0
267,797,725,449,700.0
154,797,627,449,700.0
133,745,599,410,700.0
244,745,695,410,700.0
354,745,792,410,700.0
471,745,893,410,700.0
581,745,989,410,700.0
692,745,1085,410,700.0
808,745,1186,410,700.0
919,745,1283,410,700.0
1030,745,1379,410,700.0
1140,745,1475,410,700.0
1251,745,1572,410,700.0
1362,745,1668,410,700.0
1473,745,1764,410,700.0
1559,713,1836,386,700.0
1472,676,1756,358,700.0
1365,676,1662,358,700.0
1252,676,1564,358,700.0
1144,676,1470,358,700.0
1037,676,1376,358,700.0
929,676,1282,358,700.0
816,676,1184,358,700.0
709,676,1090,358,700.0
601,676,996,358,700.0
489,676,898,358,700.0
381,676,804,358,700.0
274,676,710,358,700.0
161,676,612,358,700.0
81,646,536,336,700.0
174,624,614,319,700.0
279,624,706,319,700.0
389,624,802,319,700.0
494,624,894,319,700.0
599,624,986,319,700.0
704,624,1078,319,700.0
814,624,1174,319,700.0
919,624,1266,319,700.0
1019,624,1354,319,700.0
1129,624,1450,319,700.0
1234,624,1542,319,700.0
1344,624,1639,319,700.0
1449,624,1731,319,700.0
1548,617,1816,314,700.0
1507,559,1774,269,700.0
1400,559,1680,269,700.0
1298,559,1591,269,700.0
1196,559,1501,269,700.0
1089,559,1407,269,700.0
987,559,1318,269,700.0
885,559,1228,269,700.0
784,559,1138,269,700.0
682,559,1049,269,700.0
580,559,959,269,700.0
478,559,870,269,700.0
371,559,776,269,700.0
264,559,681,269,700.0
162,559,592,269,700.0
108,511,536,233,700.0
202,495,616,220,700.0
301,495,704,220,700.0
405,495,795,220,700.0
504,495,883,220,700.0
603,495,970,220,700.0
702,495,1057,220,700.0
806,495,1149,220,700.0
905,495,1236,220,700.0
1004,495,1323,220,700.0
1102,495,1410,220,700.0
1206,495,1502,220,700.0
1305,495,1589,220,700.0
1404,495,1676,220,700.0
1503,495,1763,220,700.0
1577,463,1825,195,700.0
1482,451,1740,186,700.0
1385,451,1655,186,700.0
1289,451,1569,186,700.0
1187,451,1479,186,700.0
1090,451,1394,186,700.0
993,451,1308,186,700.0
897,451,1223,186,700.0
800,451,1137,186,700.0
703,451,1051,186,700.0
606,451,966,186,700.0
505,451,876,186,700.0
408,451,790,186,700.0
306,451,700,186,700.0
209,451,615,186,700.0
117,451,534,186,700.0
84,1081,253,512,700.0
116,1081,278,512,700.0
243,1081,379,512,700.0
369,1081,481,512,700.0
496,1081,582,512,700.0
629,1081,688,512,700.0
755,1081,789,512,700.0
882,1081,890,512,700.0
1009,1081,991,512,700.0
1142,1081,1098,512,700.0
1268,1081,1199,512,700.0
1395,1081,1300,512,700.0
1528,1081,1406,512,700.0
1661,1081,1512,512,700.0
1769,1057,1600,497,700.0
1693,976,1543,445,700.0
1572,976,1445,445,700.0
1450,976,1347,445,700.0
1328,976,1249,445,700.0
1207,976,1151,445,700.0
1085,976,1054,445,700.0
963,976,956,445,700.0
842,976,858,445,700.0
714,976,755,445,700.0
592,976,657,445,700.0
471,976,559,445,700.0
343,976,456,445,700.0
221,976,358,445,700.0
127,942,280,423,700.0
210,890,345,389,700.0
328,890,441,389,700.0
446,890,536,389,700.0
569,890,636,389,700.0
687,890,731,389,700.0
804,890,827,389,700.0
922,890,922,389,700.0
1039,890,1017,389,700.0
1163,890,1118,389,700.0
1280,890,1213,389,700.0
1398,890,1308,389,700.0
1521,890,1408,389,700.0
1639,890,1503,389,700.0
1763,890,1604,389,700.0
1800,828,1637,349,700.0
1688,806,1547,334,700.0
1575,806,1455,334,700.0
1455,806,1357,334,700.0
1342,806,1265,334,700.0
1228,806,1172,334,700.0
1109,806,1075,334,700.0
995,806,982,334,700.0
876,806,885,334,700.0
762,806,792,334,700.0
643,806,695,334,700.0
530,806,602,334,700.0
416,806,509,334,700.0
297,806,412,334,700.0
183,806,319,334,700.0
107,762,255,305,700.0
180,721,313,278,700.0
295,721,407,278,700.0
410,721,502,278,700.0
520,721,592,278,700.0
629,721,682,278,700.0
744,721,776,278,700.0
854,721,866,278,700.0
969,721,961,278,700.0
1079,721,1051,278,700.0
1188,721,1141,278,700.0
1298,721,1231,278,700.0
1413,721,1325,278,700.0
1522,721,1415,278,700.0
1632,721,1505,278,700.0
1742,721,1595,278,700.0
1826,694,1667,259,700.0
1723,663,1583,239,700.0
1617,663,1495,239,700.0
1504,663,1403,239,700.0
1398,663,1314,239,700.0
1291,663,1226,239,700.0
1184,663,1138,239,700.0
1077,663,1050,239,700.0
970,663,962,239,700.0
863,663,874,239,700.0
751,663,781,239,700.0
644,663,693,239,700.0
538,663,605,239,700.0
431,663,517,239,700.0
319,663,424,239,700.0
212,663,336,239,700.0
123,643,262,225,700.0
173,607,302,201,700.0
278,607,388,201,700.0
387,607,479,201,700.0
491,607,565,201,700.0
595,607,652,201,700.0
700,607,738,201,700.0
809,607,829,201,700.0
913,607,915,201,700.0
1017,607,1001,201,700.0
1122,607,1088,201,700.0
1226,607,1174,201,700.0
1335,607,1265,201,700.0
1439,607,1351,201,700.0
1544,607,1437,201,700.0
1653,607,1528,201,700.0
1757,607,1614,201,700.0
1809,607,1657,201,700.0
120,1061,281,499,700.0
124,1048,283,491,700.0
162,929,308,415,700.0
198,815,332,340,700.0
230,716,354,274,700.0
259,624,374,213,700.0
356,622,454,211,700.0
355,710,456,270,700.0
329,808,438,336,700.0
300,916,419,406,700.0
269,1034,399,482,700.0
306,1114,431,533,700.0
379,1031,487,480,700.0
405,914,504,405,700.0
429,806,520,334,700.0
451,708,535,269,700.0
488,622,563,211,700.0
585,632,644,218,700.0
582,720,643,277,700.0
564,825,631,346,700.0
546,934,619,418,700.0
536,1054,614,495,700.0
652,1072,707,506,700.0
691,964,736,437,700.0
703,847,744,361,700.0
714,745,752,294,700.0
724,651,759,231,700.0
798,617,819,207,700.0
853,668,865,242,700.0
848,763,862,306,700.0
842,872,858,377,700.0
842,982,858,449,700.0
957,999,951,460,700.0
1013,925,996,412,700.0
1011,816,994,341,700.0
1009,712,993,272,700.0
1007,621,992,210,700.0
1093,603,1064,198,700.0
1133,675,1096,247,700.0
1140,775,1101,314,700.0
1148,880,1106,383,700.0
1157,994,1111,457,700.0
1239,1055,1176,496,700.0
1315,1002,1238,462,700.0
1299,881,1228,384,700.0
1285,777,1219,315,700.0
1272,680,1210,250,700.0
1285,599,1223,195,700.0
1383,615,1304,206,700.0
1405,709,1319,270,700.0
1424,808,1332,335,700.0
1444,915,1345,406,700.0
1494,1012,1381,468,700.0
1616,1002,1480,462,700.0
1605,894,1476,392,700.0
1578,788,1458,322,700.0
1552,686,1441,254,700.0
1554,606,1446,200,700.0
1653,610,1528,203,700.0
1685,699,1550,263,700.0
1716,796,1570,328,700.0
1751,908,1593,401,700.0
1756,925,1597,412,700.0
1763,948,1601,427,700.0
1801,1069,1626,504,700.0
1803,1076,1627,509,700.0
1784,1013,1614,469,700.0
1748,897,1591,394,700.0
1713,786,1568,321,700.0
1682,689,1548,256,700.0
1654,600,1529,196,700.0
142,990,333,968,125.0
155,990,346,968,125.0
280,990,469,968,125.0
399,990,585,968,125.0
511,990,696,968,125.0
630,990,813,968,125.0
749,990,930,968,125.0
868,990,1046,968,125.0
993,990,1169,968,125.0
1106,990,1280,968,125.0
1231,990,1403,968,125.0
1350,990,1520,968,125.0
1468,990,1637,968,125.0
1587,990,1753,968,125.0
1624,916,1785,896,125.0
1516,881,1676,862,125.0
1402,881,1564,862,125.0
1288,881,1452,862,125.0
1174,881,1340,862,125.0
1060,881,1228,862,125.0
946,881,1116,862,125.0
832,881,1004,862,125.0
719,881,892,862,125.0
605,881,780,862,125.0
491,881,668,862,125.0
377,881,556,862,125.0
263,881,444,862,125.0
149,881,332,862,125.0
83,836,264,818,125.0
193,818,371,801,125.0
304,818,480,801,125.0
415,818,590,801,125.0
526,818,699,801,125.0
637,818,808,801,125.0
754,818,923,801,125.0
859,818,1027,801,125.0
970,818,1136,801,125.0
1081,818,1245,801,125.0
1192,818,1354,801,125.0
1303,818,1463,801,125.0
1420,818,1578,801,125.0
1531,818,1688,801,125.0
1621,798,1775,781,125.0
1548,735,1699,720,125.0
1447,735,1599,720,125.0
1340,735,1494,720,125.0
1232,735,1388,720,125.0
1125,735,1282,720,125.0
1018,735,1177,720,125.0
911,735,1071,720,125.0
803,735,966,720,125.0
696,735,860,720,125.0
589,735,755,720,125.0
476,735,643,720,125.0
374,735,543,720,125.0
261,735,432,720,125.0
154,735,327,720,125.0
125,667,293,654,125.0
228,659,394,645,125.0
332,659,497,645,125.0
436,659,599,645,125.0
540,659,701,645,125.0
644,659,803,645,125.0
747,659,905,645,125.0
851,659,1008,645,125.0
955,659,1110,645,125.0
1059,659,1212,645,125.0
1162,659,1314,645,125.0
1266,659,1416,645,125.0
1370,659,1519,645,125.0
1474,659,1621,645,125.0
1577,659,1723,645,125.0
1672,641,1815,628,125.0
1594,603,1736,591,125.0
1492,603,1636,591,125.0
1391,603,1536,591,125.0
1290,603,1436,591,125.0
1189,603,1337,591,125.0
1087,603,1237,591,125.0
986,603,1137,591,125.0
885,603,1037,591,125.0
784,603,938,591,125.0
677,603,833,591,125.0
576,603,733,591,125.0
475,603,633,591,125.0
373,603,533,591,125.0
272,603,434,591,125.0
171,603,334,591,125.0
120,558,280,548,125.0
210,536,367,526,125.0
308,536,464,526,125.0
406,536,561,526,125.0
505,536,658,526,125.0
608,536,760,526,125.0
706,536,856,526,125.0
804,536,953,526,125.0
908,536,1055,526,125.0
1001,536,1147,526,125.0
1099,536,1243,526,125.0
1202,536,1345,526,125.0
1300,536,1442,526,125.0
1399,536,1539,526,125.0
1497,536,1636,526,125.0
1595,536,1732,526,125.0
1679,520,1814,511,125.0
1651,462,1783,453,125.0
1557,459,1690,450,125.0
1458,459,1592,450,125.0
1363,459,1499,450,125.0
1268,459,1405,450,125.0
1174,459,1312,450,125.0
1079,459,1219,450,125.0
984,459,1125,450,125.0
885,459,1027,450,125.0
790,459,934,450,125.0
700,459,845,450,125.0
606,459,752,450,125.0
511,459,659,450,125.0
416,459,565,450,125.0
322,459,472,450,125.0
227,459,379,450,125.0
132,459,285,450,125.0
132,423,283,415,125.0
225,423,374,415,125.0
323,423,471,415,125.0
411,423,558,415,125.0
509,423,654,415,125.0
602,423,746,415,125.0
695,423,838,415,125.0
788,423,930,415,125.0
881,423,1021,415,125.0
979,423,1118,415,125.0
1072,423,1210,415,125.0
1165,423,1301,415,125.0
1258,423,1393,415,125.0
1351,423,1485,415,125.0
1444,423,1577,415,125.0
1537,423,1668,415,125.0
1630,423,1760,415,125.0
1669,376,1795,369,125.0
1593,346,1719,340,125.0
1503,346,1630,340,125.0
1414,346,1542,340,125.0
1324,346,1454,340,125.0
1235,346,1365,340,125.0
1141,346,1272,340,125.0
1051,346,1184,340,125.0
962,346,1095,340,125.0
872,346,1007,340,125.0
782,346,919,340,125.0
693,346,830,340,125.0
603,346,742,340,125.0
514,346,654,340,125.0
424,346,565,340,125.0
335,346,477,340,125.0
245,346,389,340,125.0
156,346,300,340,125.0
143,306,285,301,125.0
231,306,371,301,125.0
318,306,458,301,125.0
406,306,544,301,125.0
494,306,631,301,125.0
581,306,717,301,125.0
669,306,804,301,125.0
757,306,891,301,125.0
844,306,977,301,125.0
932,306,1064,301,125.0
1020,306,1150,301,125.0
1108,306,1237,301,125.0
1195,306,1323,301,125.0
1283,306,1410,301,125.0
1371,306,1497,301,125.0
1458,306,1583,301,125.0
1546,306,1670,301,125.0
1634,306,1756,301,125.0
1676,279,1797,274,125.0
1594,263,1714,259,125.0
1508,263,1629,259,125.0
1422,263,1545,259,125.0
1336,263,1460,259,125.0
1251,263,1375,259,125.0
1165,263,1291,259,125.0
1079,263,1206,259,125.0
994,263,1121,259,125.0
908,263,1037,259,125.0
822,263,952,259,125.0
736,263,867,259,125.0
651,263,783,259,125.0
565,263,698,259,125.0
479,263,613,259,125.0
393,263,529,259,125.0
308,263,444,259,125.0
222,263,359,259,125.0
140,260,278,256,125.0
170,224,305,220,125.0
254,224,388,220,125.0
338,224,471,220,125.0
422,224,554,220,125.0
506,224,637,220,125.0
590,224,720,220,125.0
674,224,803,220,125.0
758,224,886,220,125.0
842,224,969,220,125.0
925,224,1052,220,125.0
1009,224,1134,220,125.0
1093,224,1217,220,125.0
1177,224,1300,220,125.0
1261,224,1383,220,125.0
1345,224,1466,220,125.0
1429,224,1549,220,125.0
1513,224,1632,220,125.0
1597,224,1715,220,125.0
1681,224,1798,220,125.0
1699,224,1815,220,125.0
110,1070,292,929,125.0
149,1070,328,929,125.0
272,1070,443,929,125.0
394,1070,558,929,125.0
517,1070,673,929,125.0
639,1070,788,929,125.0
762,1070,904,929,125.0
884,1070,1019,929,125.0
1013,1070,1140,929,125.0
1136,1070,1255,929,125.0
1259,1070,1370,929,125.0
1381,1070,1485,929,125.0
1504,1070,1600,929,125.0
1626,1070,1715,929,125.0
1731,1046,1813,908,125.0
1656,981,1740,850,125.0
1537,981,1629,850,125.0
1419,981,1517,850,125.0
1300,981,1406,850,125.0
1182,981,1294,850,125.0
1063,981,1183,850,125.0
939,981,1066,850,125.0
820,981,954,850,125.0
702,981,843,850,125.0
583,981,731,850,125.0
465,981,620,850,125.0
346,981,508,850,125.0
228,981,397,850,125.0
121,967,295,838,125.0
189,916,356,793,125.0
304,916,465,793,125.0
420,916,573,793,125.0
535,916,682,793,125.0
651,916,791,793,125.0
766,916,900,793,125.0
882,916,1009,793,125.0
997,916,1118,793,125.0
1113,916,1227,793,125.0
1229,916,1336,793,125.0
1344,916,1445,793,125.0
1460,916,1553,793,125.0
1575,916,1662,793,125.0
1683,907,1764,785,125.0
1709,828,1786,714,125.0
1601,813,1683,701,125.0
1490,813,1578,701,125.0
1379,813,1474,701,125.0
1268,813,1369,701,125.0
1157,813,1264,701,125.0
1046,813,1160,701,125.0
936,813,1055,701,125.0
825,813,950,701,125.0
714,813,845,701,125.0
609,813,746,701,125.0
498,813,642,701,125.0
381,813,531,701,125.0
270,813,427,701,125.0
160,813,322,701,125.0
119,746,279,640,125.0
224,728,377,624,125.0
331,728,478,624,125.0
443,728,585,624,125.0
550,728,686,624,125.0
657,728,787,624,125.0
770,728,894,624,125.0
877,728,995,624,125.0
984,728,1097,624,125.0
1091,728,1198,624,125.0
1198,728,1299,624,125.0
1305,728,1400,624,125.0
1412,728,1502,624,125.0
1519,728,1603,624,125.0
1710,728,1784,624,125.0
1705,665,1777,568,125.0
1602,659,1679,562,125.0
1498,659,1581,562,125.0
1394,659,1483,562,125.0
1291,659,1384,562,125.0
1187,659,1286,562,125.0
1083,659,1187,562,125.0
979,659,1089,562,125.0
875,659,991,562,125.0
772,659,892,562,125.0
668,659,794,562,125.0
564,659,695,562,125.0
460,659,597,562,125.0
356,659,499,562,125.0
253,659,400,562,125.0
149,659,302,562,125.0
147,605,297,513,125.0
248,605,393,513,125.0
350,605,489,513,125.0
451,605,585,513,125.0
552,605,681,513,125.0
654,605,778,513,125.0
755,605,874,513,125.0
856,605,970,513,125.0
963,605,1071,513,125.0
1064,605,1167,513,125.0
1166,605,1264,513,125.0
1267,605,1360,513,125.0
1368,605,1456,513,125.0
1470,605,1552,513,125.0
1571,605,1648,513,125.0
1672,605,1744,513,125.0
1745,573,1813,484,125.0
1697,532,1765,446,125.0
1599,532,1672,446,125.0
1496,532,1574,446,125.0
1398,532,1481,446,125.0
1300,532,1388,446,125.0
1201,532,1295,446,125.0
1103,532,1201,446,125.0
1005,532,1108,446,125.0
907,532,1015,446,125.0
814,532,927,446,125.0
711,532,828,446,125.0
613,532,735,446,125.0
515,532,642,446,125.0
417,532,549,446,125.0
319,532,456,446,125.0
221,532,363,446,125.0
128,522,273,438,125.0
178,486,319,405,125.0
274,486,410,405,125.0
370,486,501,405,125.0
466,486,593,405,125.0
562,486,684,405,125.0
658,486,775,405,125.0
754,486,866,405,125.0
850,486,958,405,125.0
945,486,1049,405,125.0
1041,486,1140,405,125.0
1137,486,1232,405,125.0
1238,486,1328,405,125.0
1334,486,1419,405,125.0
1430,486,1510,405,125.0
1526,486,1602,405,125.0
1622,486,1693,405,125.0
1718,486,1784,405,125.0
1731,439,1795,362,125.0
1633,436,1702,359,125.0
1539,436,1612,359,125.0
1446,436,1523,359,125.0
1347,436,1429,359,125.0
1253,436,1340,359,125.0
1160,436,1251,359,125.0
1066,436,1162,359,125.0
972,436,1072,359,125.0
879,436,983,359,125.0
785,436,894,359,125.0
692,436,805,359,125.0
598,436,715,359,125.0
504,436,626,359,125.0
411,436,537,359,125.0
317,436,448,359,125.0
223,436,359,359,125.0
134,433,273,356,125.0
147,385,282,312,125.0
238,385,369,312,125.0
329,385,456,312,125.0
421,385,544,312,125.0
512,385,631,312,125.0
603,385,718,312,125.0
699,385,809,312,125.0
791,385,897,312,125.0
882,385,984,312,125.0
973,385,1071,312,125.0
1065,385,1158,312,125.0
1156,385,1245,312,125.0
1247,385,1332,312,125.0
1338,385,1419,312,125.0
1435,385,1511,312,125.0
1526,385,1598,312,125.0
1617,385,1685,312,125.0
1709,385,1772,312,125.0
1743,342,1804,273,125.0
1661,330,1725,262,125.0
1568,330,1636,262,125.0
1479,330,1551,262,125.0
1390,330,1466,262,125.0
1306,330,1386,262,125.0
1217,330,1301,262,125.0
1124,330,1212,262,125.0
1035,330,1127,262,125.0
946,330,1042,262,125.0
857,330,957,262,125.0
768,330,872,262,125.0
679,330,788,262,125.0
591,330,703,262,125.0
502,330,618,262,125.0
413,330,533,262,125.0
320,330,444,262,125.0
231,330,359,262,125.0
147,330,279,262,125.0
117,302,249,236,125.0
204,297,331,232,125.0
291,297,415,232,125.0
379,297,498,232,125.0
466,297,582,232,125.0
553,297,665,232,125.0
640,297,749,232,125.0
728,297,832,232,125.0
815,297,915,232,125.0
902,297,999,232,125.0
990,297,1082,232,125.0
1082,297,1170,232,125.0
1169,297,1254,232,125.0
1256,297,1337,232,125.0
1343,297,1420,232,125.0
1431,297,1504,232,125.0
1518,297,1587,232,125.0
1601,297,1666,232,125.0
1688,297,1750,232,125.0
1758,280,1816,216,125.0
1693,258,1754,196,125.0
1608,258,1672,196,125.0
1522,258,1590,196,125.0
1432,258,1504,196,125.0
1347,258,1422,196,125.0
1261,258,1340,196,125.0
1175,258,1258,196,125.0
1090,258,1176,196,125.0
1004,258,1095,196,125.0
919,258,1013,196,125.0
833,258,931,196,125.0
748,258,849,196,125.0
662,258,767,196,125.0
577,258,685,196,125.0
491,258,604,196,125.0
405,258,522,196,125.0
320,258,440,196,125.0
234,258,358,196,125.0
149,258,276,196,125.0
113,258,242,196,125.0
101,1057,174,870,125.0
127,1057,198,870,125.0
249,1057,310,870,125.0
377,1057,428,870,125.0
493,1057,535,870,125.0
614,1057,647,870,125.0
736,1057,760,870,125.0
858,1057,872,870,125.0
980,1057,984,870,125.0
1102,1057,1097,870,125.0
1224,1057,1209,870,125.0
1346,1057,1322,870,125.0
1468,1057,1434,870,125.0
1590,1057,1546,870,125.0
1712,1057,1659,870,125.0
1828,1042,1766,858,125.0
1781,966,1724,792,125.0
1657,966,1610,792,125.0
1539,966,1501,792,125.0
1421,966,1392,792,125.0
1304,966,1283,792,125.0
1186,966,1174,792,125.0
1068,966,1065,792,125.0
950,966,956,792,125.0
832,966,848,792,125.0
715,966,739,792,125.0
597,966,630,792,125.0
479,966,521,792,125.0
368,966,418,792,125.0
244,966,303,792,125.0
131,961,199,788,125.0
156,897,220,733,125.0
270,897,326,733,125.0
385,897,433,733,125.0
499,897,539,733,125.0
620,897,650,733,125.0
735,897,757,733,125.0
849,897,863,733,125.0
964,897,969,733,125.0
1079,897,1075,733,125.0
1193,897,1181,733,125.0
1314,897,1293,733,125.0
1428,897,1399,733,125.0
1543,897,1505,733,125.0
1658,897,1611,733,125.0
1772,897,1718,733,125.0
1788,809,1734,656,125.0
1678,782,1633,634,125.0
1569,782,1531,634,125.0
1460,782,1429,634,125.0
1344,782,1322,634,125.0
1235,782,1221,634,125.0
1126,782,1119,634,125.0
1016,782,1017,634,125.0
901,782,910,634,125.0
792,782,809,634,125.0
682,782,707,634,125.0
573,782,605,634,125.0
458,782,498,634,125.0
348,782,397,634,125.0
239,782,295,634,125.0
130,782,193,634,125.0
147,729,208,587,125.0
254,729,308,587,125.0
366,729,412,587,125.0
473,729,512,587,125.0
580,729,611,587,125.0
687,729,711,587,125.0
794,729,811,587,125.0
901,729,910,587,125.0
1008,729,1010,587,125.0
1115,729,1109,587,125.0
1222,729,1209,587,125.0
1329,729,1308,587,125.0
1436,729,1408,587,125.0
1543,729,1507,587,125.0
1650,729,1607,587,125.0
1762,729,1712,587,125.0
1811,672,1758,537,125.0
1707,648,1662,517,125.0
1604,648,1566,517,125.0
1501,648,1469,517,125.0
1397,648,1373,517,125.0
1289,648,1272,517,125.0
1185,648,1175,517,125.0
1082,648,1079,517,125.0
973,648,977,517,125.0
870,648,881,517,125.0
767,648,785,517,125.0
658,648,683,517,125.0
555,648,587,517,125.0
452,648,491,517,125.0
348,648,394,517,125.0
245,648,298,517,125.0
136,648,196,517,125.0
153,595,211,470,125.0
254,595,305,470,125.0
355,595,399,470,125.0
455,595,493,470,125.0
556,595,587,470,125.0
657,595,682,470,125.0
758,595,776,470,125.0
859,595,870,470,125.0
960,595,964,470,125.0
1066,595,1064,470,125.0
1167,595,1158,470,125.0
1267,595,1252,470,125.0
1368,595,1346,470,125.0
1469,595,1441,470,125.0
1570,595,1535,470,125.0
1671,595,1629,470,125.0
1772,595,1723,470,125.0
1782,542,1734,423,125.0
1685,536,1643,418,125.0
1587,536,1551,418,125.0
1489,536,1460,418,125.0
1391,536,1368,418,125.0
1287,536,1271,418,125.0
1189,536,1179,418,125.0
1091,536,1087,418,125.0
988,536,990,418,125.0
889,536,899,418,125.0
791,536,807,418,125.0
693,536,715,418,125.0
595,536,623,418,125.0
497,536,531,418,125.0
399,536,439,418,125.0
295,536,342,418,125.0
192,536,246,418,125.0
109,520,168,404,125.0
180,490,234,377,125.0
276,490,324,377,125.0
378,490,419,377,125.0
474,490,509,377,125.0
570,490,599,377,125.0
671,490,693,377,125.0
767,490,783,377,125.0
863,490,874,377,125.0
959,490,964,377,125.0
1055,490,1054,377,125.0
1151,490,1144,377,125.0
1252,490,1238,377,125.0
1348,490,1329,377,125.0
1444,490,1419,377,125.0
1540,490,1509,377,125.0
1636,490,1599,377,125.0
1738,490,1693,377,125.0
1816,472,1768,362,125.0
1760,435,1716,329,125.0
1667,435,1628,329,125.0
1573,435,1540,329,125.0
1475,435,1448,329,125.0
1386,435,1364,329,125.0
1288,435,1272,329,125.0
1194,435,1184,329,125.0
1100,435,1096,329,125.0
1007,435,1008,329,125.0
913,435,921,329,125.0
820,435,833,329,125.0
721,435,740,329,125.0
628,435,652,329,125.0
534,435,565,329,125.0
440,435,477,329,125.0
342,435,384,329,125.0
248,435,296,329,125.0
155,435,208,329,125.0
112,402,167,300,125.0
207,389,256,288,125.0
298,389,342,288,125.0
394,389,433,288,125.0
486,389,519,288,125.0
577,389,605,288,125.0
669,389,691,288,125.0
760,389,777,288,125.0
852,389,863,288,125.0
948,389,953,288,125.0
1040,389,1039,288,125.0
1131,389,1125,288,125.0
1223,389,1211,288,125.0
1314,389,1297,288,125.0
1406,389,1383,288,125.0
1497,389,1469,288,125.0
1593,389,1560,288,125.0
1685,389,1646,288,125.0
1776,389,1732,288,125.0
1805,341,1760,245,125.0
1718,327,1678,233,125.0
1629,327,1594,233,125.0
1540,327,1511,233,125.0
1452,327,1427,233,125.0
1363,327,1344,233,125.0
1274,327,1260,233,125.0
1181,327,1172,233,125.0
1097,327,1093,233,125.0
1004,327,1005,233,125.0
915,327,922,233,125.0
826,327,838,233,125.0
738,327,755,233,125.0
644,327,667,233,125.0
556,327,583,233,125.0
467,327,500,233,125.0
378,327,416,233,125.0
290,327,333,233,125.0
201,327,249,233,125.0
131,310,183,217,125.0
166,278,215,189,125.0
253,278,297,189,125.0
344,278,383,189,125.0
430,278,464,189,125.0
517,278,546,189,125.0
607,278,632,189,125.0
694,278,713,189,125.0
780,278,795,189,125.0
867,278,876,189,125.0
953,278,958,189,125.0
1044,278,1043,189,125.0
1130,278,1125,189,125.0
1217,278,1206,189,125.0
1303,278,1288,189,125.0
1394,278,1374,189,125.0
1481,278,1455,189,125.0
1567,278,1537,189,125.0
1653,278,1618,189,125.0
1740,278,1700,189,125.0
1826,278,1781,189,125.0
1835,278,1790,189,125.0
108,1051,180,865,125.0
134,970,202,796,125.0
169,860,232,701,125.0
202,759,260,613,125.0
232,665,286,532,125.0
260,579,310,456,125.0
285,499,332,386,125.0
309,425,353,320,125.0
332,352,374,255,125.0
376,302,414,211,125.0
456,310,489,218,125.0
475,366,508,267,125.0
458,436,493,330,125.0
440,511,477,396,125.0
420,592,460,467,125.0
398,679,441,543,125.0
375,773,421,626,125.0
350,875,400,714,125.0
322,987,376,810,125.0
384,1038,434,854,125.0
442,947,487,776,125.0
464,839,505,683,125.0
484,740,523,596,125.0
503,648,539,516,125.0
520,563,554,442,125.0
536,484,567,372,125.0
551,411,580,308,125.0
565,343,593,247,125.0
634,318,657,225,125.0
664,368,685,269,125.0
653,438,676,332,125.0
641,513,666,398,125.0
629,594,656,469,125.0
616,682,644,546,125.0
602,776,632,628,125.0
586,879,619,717,125.0
592,978,625,802,125.0
697,943,722,773,125.0
708,835,731,679,125.0
718,736,740,593,125.0
728,645,748,513,125.0
737,560,756,439,125.0
745,481,763,370,125.0
753,408,769,305,125.0
760,340,776,245,125.0
825,333,837,238,125.0
820,400,833,298,125.0
815,473,828,362,125.0
809,555,823,435,125.0
803,639,818,509,125.0
796,730,813,588,125.0
789,829,807,674,125.0
782,936,800,767,125.0
806,1024,824,842,125.0
883,973,894,798,125.0
887,863,897,703,125.0
890,761,900,615,125.0
893,668,902,534,125.0
895,581,904,458,125.0
898,501,906,388,125.0
900,427,908,322,125.0
902,358,910,260,125.0
965,327,969,233,125.0
1009,368,1010,270,125.0
1010,439,1012,332,125.0
1012,514,1013,399,125.0
1014,599,1015,474,125.0
1016,687,1017,551,125.0
1018,782,1019,633,125.0
1020,885,1021,723,125.0
1029,994,1029,816,125.0
1138,984,1130,808,125.0
1139,876,1131,715,125.0
1132,774,1125,626,125.0
1125,680,1119,544,125.0
1119,592,1114,468,125.0
1114,511,1109,397,125.0
1108,436,1104,330,125.0
1103,363,1099,265,125.0
1113,302,1108,211,125.0
1196,310,1187,218,125.0
1204,376,1194,277,125.0
1213,447,1201,339,125.0
1222,523,1210,407,125.0
1231,604,1218,478,125.0
1242,693,1228,556,125.0
1254,793,1238,643,125.0
1267,898,1249,733,125.0
1280,1011,1261,831,125.0
1385,1006,1358,826,125.0
1376,896,1351,732,125.0
1359,792,1336,642,125.0
1343,696,1322,559,125.0
1329,608,1309,481,125.0
1315,526,1297,409,125.0
1303,450,1286,342,125.0
1291,375,1275,276,125.0
1280,309,1266,217,125.0
1354,317,1336,224,125.0
1368,384,1348,284,125.0
1382,455,1361,347,125.0
1398,532,1374,414,125.0
1414,614,1389,487,125.0
1432,703,1405,565,125.0
1453,805,1423,653,125.0
1474,910,1441,744,125.0
1512,1009,1475,829,125.0
1570,960,1529,787,125.0
1544,851,1507,693,125.0
1521,750,1487,606,125.0
1499,658,1468,525,125.0
1479,572,1450,450,125.0
1460,493,1433,380,125.0
1443,419,1418,315,125.0
1427,350,1403,253,125.0
1436,294,1413,203,125.0
1505,317,1478,224,125.0
1524,384,1494,283,125.0
1544,455,1512,346,125.0
1565,531,1531,414,125.0
1588,614,1551,486,125.0
1613,703,1573,564,125.0
1640,799,1597,648,125.0
1671,909,1623,744,125.0
1703,1024,1651,842,125.0
1706,1037,1654,853,125.0
1725,1037,1672,853,125.0
1800,1030,1740,847,125.0
1763,915,1709,749,125.0
1730,810,1680,657,125.0
1700,712,1654,573,125.0
1671,623,1629,494,125.0
1644,536,1605,418,125.0
1619,459,1583,350,125.0
1597,387,1563,287,125.0
1576,320,1544,227,125.0
1567,294,1537,203,125.0
118,1006,434,977,250.0
162,1006,478,977,250.0
282,1006,595,977,250.0
402,1006,712,977,250.0
521,1006,829,977,250.0
641,1006,947,977,250.0
761,1006,1064,977,250.0
880,1006,1181,977,250.0
1000,1006,1298,977,250.0
1120,1006,1416,977,250.0
1239,1006,1533,977,250.0
1359,1006,1650,977,250.0
1479,1006,1767,977,250.0
1514,929,1794,903,250.0
1404,906,1683,880,250.0
1289,906,1570,880,250.0
1174,906,1457,880,250.0
1058,906,1344,880,250.0
943,906,1231,880,250.0
828,906,1119,880,250.0
713,906,1006,880,250.0
598,906,893,880,250.0
483,906,780,880,250.0
362,906,661,880,250.0
247,906,548,880,250.0
138,906,441,880,250.0
153,833,448,810,250.0
265,833,558,810,250.0
377,833,668,810,250.0
495,833,783,810,250.0
600,833,887,810,250.0
718,833,1002,810,250.0
824,833,1106,810,250.0
936,833,1216,810,250.0
1048,833,1326,810,250.0
1159,833,1435,810,250.0
1271,833,1545,810,250.0
1389,833,1660,810,250.0
1501,833,1770,810,250.0
1531,762,1792,741,250.0
1429,735,1689,715,250.0
1327,735,1589,715,250.0
1214,735,1478,715,250.0
1107,735,1373,715,250.0
1005,735,1273,715,250.0
892,735,1162,715,250.0
791,735,1063,715,250.0
678,735,952,715,250.0
571,735,846,715,250.0
463,735,741,715,250.0
356,735,636,715,250.0
249,735,530,715,250.0
141,735,425,715,250.0
143,678,420,660,250.0
241,672,516,654,250.0
351,672,623,654,250.0
456,672,726,654,250.0
560,672,829,654,250.0
664,672,931,654,250.0
769,672,1034,654,250.0
873,672,1136,654,250.0
978,672,1239,654,250.0
1082,672,1342,654,250.0
1187,672,1444,654,250.0
1291,672,1547,654,250.0
1395,672,1649,654,250.0
1500,672,1752,654,250.0
1573,631,1819,614,250.0
1493,595,1737,579,250.0
1392,595,1638,579,250.0
1291,595,1538,579,250.0
1190,595,1439,579,250.0
1084,595,1335,579,250.0
983,595,1236,579,250.0
882,595,1136,579,250.0
781,595,1037,579,250.0
680,595,938,579,250.0
579,595,839,579,250.0
473,595,734,579,250.0
377,595,640,579,250.0
271,595,536,579,250.0
176,595,442,579,250.0
101,566,366,551,250.0
153,521,411,507,250.0
251,521,507,507,250.0
348,521,603,507,250.0
446,521,699,507,250.0
549,521,800,507,250.0
646,521,896,507,250.0
744,521,992,507,250.0
841,521,1088,507,250.0
939,521,1184,507,250.0
1036,521,1280,507,250.0
1134,521,1375,507,250.0
1231,521,1471,507,250.0
1329,521,1567,507,250.0
1426,521,1663,507,250.0
1524,521,1759,507,250.0
1581,480,1811,467,250.0
1494,460,1723,448,250.0
1399,460,1630,448,250.0
1304,460,1536,448,250.0
1209,460,1443,448,250.0
1114,460,1350,448,250.0
1020,460,1257,448,250.0
920,460,1158,448,250.0
825,460,1065,448,250.0
730,460,972,448,250.0
636,460,879,448,250.0
541,460,785,448,250.0
451,460,697,448,250.0
351,460,599,448,250.0
256,460,506,448,250.0
162,460,412,448,250.0
92,435,341,424,250.0
176,417,422,406,250.0
269,417,513,406,250.0
362,417,604,406,250.0
455,417,696,406,250.0
548,417,787,406,250.0
640,417,879,406,250.0
733,417,970,406,250.0
826,417,1061,406,250.0
919,417,1153,406,250.0
1012,417,1244,406,250.0
1105,417,1335,406,250.0
1198,417,1427,406,250.0
1290,417,1518,406,250.0
1383,417,1609,406,250.0
1476,417,1701,406,250.0
1569,417,1792,406,250.0
1622,377,1840,367,250.0
1537,364,1755,354,250.0
1446,364,1666,354,250.0
1356,364,1577,354,250.0
1266,364,1488,354,250.0
1175,364,1399,354,250.0
1085,364,1310,354,250.0
990,364,1216,354,250.0
899,364,1127,354,250.0
809,364,1038,354,250.0
714,364,945,354,250.0
623,364,856,354,250.0
533,364,767,354,250.0
438,364,673,354,250.0
348,364,584,354,250.0
257,364,495,354,250.0
167,364,406,354,250.0
113,334,349,325,250.0
197,319,430,311,250.0
285,319,517,311,250.0
374,319,604,311,250.0
462,319,691,311,250.0
555,319,783,311,250.0
643,319,870,311,250.0
732,319,957,311,250.0
820,319,1044,311,250.0
908,319,1131,311,250.0
997,319,1218,311,250.0
1090,319,1310,311,250.0
1178,319,1397,311,250.0
1266,319,1484,311,250.0
1355,319,1571,311,250.0
1443,319,1658,311,250.0
1532,319,1745,311,250.0
1610,309,1821,301,250.0
1567,280,1776,272,250.0
1481,280,1691,272,250.0
1394,280,1605,272,250.0
1303,280,1515,272,250.0
1221,280,1435,272,250.0
1130,280,1345,272,250.0
1043,280,1260,272,250.0
957,280,1174,272,250.0
870,280,1089,272,250.0
784,280,1004,272,250.0
697,280,918,272,250.0
606,280,829,272,250.0
519,280,743,272,250.0
433,280,658,272,250.0
346,280,573,272,250.0
260,280,488,272,250.0
173,280,402,272,250.0
102,266,331,258,250.0
152,241,377,234,250.0
242,241,465,234,250.0
327,241,549,234,250.0
411,241,632,234,250.0
496,241,716,234,250.0
581,241,799,234,250.0
666,241,883,234,250.0
750,241,967,234,250.0
835,241,1050,234,250.0
920,241,1134,234,250.0
1005,241,1217,234,250.0
1090,241,1301,234,250.0
1174,241,1384,234,250.0
1259,241,1468,234,250.0
1344,241,1551,234,250.0
1429,241,1635,234,250.0
1514,241,1719,234,250.0
1603,241,1807,234,250.0
1612,241,1815,234,250.0
129,1023,370,809,250.0
167,1023,405,809,250.0
287,1023,514,809,250.0
408,1023,624,809,250.0
528,1023,734,809,250.0
649,1023,843,809,250.0
769,1023,953,809,250.0
890,1023,1062,809,250.0
1010,1023,1172,809,250.0
1131,1023,1282,809,250.0
1251,1023,1391,809,250.0
1372,1023,1501,809,250.0
1492,1023,1610,809,250.0
1613,1023,1720,809,250.0
1725,1004,1822,793,250.0
1669,937,1769,737,250.0
1553,937,1662,737,250.0
1436,937,1556,737,250.0
1319,937,1449,737,250.0
1203,937,1343,737,250.0
1086,937,1237,737,250.0
970,937,1130,737,250.0
853,937,1024,737,250.0
731,937,912,737,250.0
620,937,811,737,250.0
497,937,699,737,250.0
381,937,593,737,250.0
264,937,487,737,250.0
148,937,380,737,250.0
104,873,335,683,250.0
216,858,437,671,250.0
329,858,540,671,250.0
442,858,643,671,250.0
555,858,747,671,250.0
668,858,850,671,250.0
781,858,953,671,250.0
894,858,1057,671,250.0
1013,858,1166,671,250.0
1120,858,1264,671,250.0
1233,858,1367,671,250.0
1346,858,1470,671,250.0
1465,858,1579,671,250.0
1578,858,1682,671,250.0
1691,858,1786,671,250.0
1711,802,1802,624,250.0
1602,795,1702,618,250.0
1492,795,1601,618,250.0
1382,795,1500,618,250.0
1272,795,1399,618,250.0
1162,795,1298,618,250.0
1052,795,1197,618,250.0
942,795,1096,618,250.0
831,795,995,618,250.0
634,795,815,618,250.0
524,795,714,618,250.0
414,795,613,618,250.0
304,795,512,618,250.0
194,795,411,618,250.0
92,787,317,610,250.0
161,746,377,576,250.0
269,746,476,576,250.0
377,746,575,576,250.0
485,746,674,576,250.0
593,746,773,576,250.0
706,746,877,576,250.0
814,746,976,576,250.0
922,746,1075,576,250.0
1030,746,1174,576,250.0
1138,746,1274,576,250.0
1251,746,1378,576,250.0
1359,746,1477,576,250.0
1472,746,1581,576,250.0
1580,746,1680,576,250.0
1688,746,1779,576,250.0
1751,705,1836,541,250.0
1649,687,1741,526,250.0
1543,687,1644,526,250.0
1438,687,1547,526,250.0
1333,687,1450,526,250.0
1228,687,1353,526,250.0
1123,687,1257,526,250.0
1017,687,1160,526,250.0
912,687,1063,526,250.0
802,687,961,526,250.0
702,687,870,526,250.0
591,687,768,526,250.0
486,687,671,526,250.0
381,687,574,526,250.0
281,687,482,526,250.0
170,687,380,526,250.0
99,650,311,494,250.0
199,630,402,477,250.0
302,630,497,477,250.0
405,630,592,477,250.0
507,630,686,477,250.0
610,630,781,477,250.0
712,630,875,477,250.0
815,630,970,477,250.0
917,630,1064,477,250.0
1020,630,1159,477,250.0
1123,630,1254,477,250.0
1225,630,1348,477,250.0
1328,630,1443,477,250.0
1430,630,1537,477,250.0
1533,630,1632,477,250.0
1641,630,1731,477,250.0
1734,620,1817,468,250.0
1707,568,1790,424,250.0
1607,568,1698,424,250.0
1507,568,1606,424,250.0
1407,568,1513,424,250.0
1308,568,1421,424,250.0
1208,568,1329,424,250.0
1108,568,1237,424,250.0
1008,568,1145,424,250.0
909,568,1053,424,250.0
809,568,960,424,250.0
704,568,863,424,250.0
604,568,771,424,250.0
505,568,679,424,250.0
405,568,587,424,250.0
305,568,495,424,250.0
205,568,403,424,250.0
118,555,321,413,250.0
155,507,351,371,250.0
252,507,440,371,250.0
349,507,530,371,250.0
445,507,620,371,250.0
548,507,714,371,250.0
644,507,804,371,250.0
741,507,894,371,250.0
838,507,984,371,250.0
940,507,1078,371,250.0
1037,507,1168,371,250.0
1129,507,1253,371,250.0
1226,507,1343,371,250.0
1328,507,1437,371,250.0
1425,507,1527,371,250.0
1522,507,1617,371,250.0
1619,507,1707,371,250.0
1716,507,1796,371,250.0
1724,465,1802,335,250.0
1625,463,1710,333,250.0
1530,463,1622,333,250.0
1435,463,1534,333,250.0
1340,463,1446,333,250.0
1245,463,1358,333,250.0
1150,463,1270,333,250.0
1055,463,1182,333,250.0
960,463,1094,333,250.0
865,463,1006,333,250.0
770,463,918,333,250.0
675,463,830,333,250.0
580,463,742,333,250.0
486,463,654,333,250.0
391,463,566,333,250.0
296,463,478,333,250.0
201,463,390,333,250.0
106,463,302,333,250.0
91,417,284,294,250.0
184,415,370,291,250.0
277,415,456,291,250.0
369,415,542,291,250.0
462,415,628,291,250.0
560,415,719,291,250.0
652,415,805,291,250.0
745,415,891,291,250.0
838,415,977,291,250.0
931,415,1063,291,250.0
1023,415,1150,291,250.0
1116,415,1236,291,250.0
1209,415,1322,291,250.0
1301,415,1408,291,250.0
1394,415,1494,291,250.0
1487,415,1580,291,250.0
1585,415,1671,291,250.0
1677,415,1757,291,250.0
1713,370,1789,252,250.0
1626,351,1707,236,250.0
1532,351,1619,236,250.0
1447,351,1540,236,250.0
1352,351,1452,236,250.0
1262,351,1369,236,250.0
1173,351,1285,236,250.0
1083,351,1201,236,250.0
993,351,1118,236,250.0
903,351,1034,236,250.0
813,351,950,236,250.0
723,351,867,236,250.0
634,351,783,236,250.0
539,351,695,236,250.0
449,351,611,236,250.0
359,351,528,236,250.0
270,351,444,236,250.0
180,351,361,236,250.0
104,338,289,224,250.0
165,315,343,204,250.0
253,315,425,204,250.0
341,315,508,204,250.0
434,315,594,204,250.0
522,315,676,204,250.0
610,315,759,204,250.0
698,315,841,204,250.0
791,315,927,204,250.0
879,315,1010,204,250.0
967,315,1092,204,250.0
1056,315,1174,204,250.0
1148,315,1260,204,250.0
1237,315,1343,204,250.0
1325,315,1425,204,250.0
1413,315,1507,204,250.0
1501,315,1589,204,250.0
1594,315,1676,204,250.0
1719,315,1793,204,250.0
979,751,980,524,250.0
981,726,980,524,250.0
127,1038,214,777,250.0
191,1038,271,777,250.0
312,1038,379,777,250.0
433,1038,487,777,250.0
548,1038,590,777,250.0
675,1038,704,777,250.0
796,1038,812,777,250.0
917,1038,920,777,250.0
1038,1038,1028,777,250.0
1160,1038,1136,777,250.0
1274,1038,1239,777,250.0
1402,1038,1353,777,250.0
1516,1038,1455,777,250.0
1644,1038,1569,777,250.0
1765,1038,1677,777,250.0
1788,969,1700,721,250.0
1673,952,1597,708,250.0
1556,952,1492,708,250.0
1439,952,1387,708,250.0
1321,952,1282,708,250.0
1204,952,1177,708,250.0
1087,952,1072,708,250.0
970,952,967,708,250.0
853,952,862,708,250.0
735,952,757,708,250.0
618,952,652,708,250.0
501,952,547,708,250.0
384,952,442,708,250.0
267,952,337,708,250.0
150,952,232,708,250.0
128,881,210,650,250.0
246,873,317,644,250.0
360,873,419,644,250.0
474,873,521,644,250.0
593,873,628,644,250.0
707,873,731,644,250.0
820,873,833,644,250.0
934,873,935,644,250.0
1048,873,1037,644,250.0
1161,873,1139,644,250.0
1275,873,1241,644,250.0
1394,873,1349,644,250.0
1508,873,1451,644,250.0
1622,873,1553,644,250.0
1741,873,1660,644,250.0
1806,814,1721,596,250.0
1708,782,1633,569,250.0
1599,782,1535,569,250.0
1489,782,1436,569,250.0
1380,782,1337,569,250.0
1270,782,1238,569,250.0
1161,782,1140,569,250.0
1051,782,1041,569,250.0
942,782,942,569,250.0
833,782,843,569,250.0
717,782,739,569,250.0
608,782,641,569,250.0
499,782,542,569,250.0
389,782,443,569,250.0
280,782,344,569,250.0
170,782,246,569,250.0
105,730,185,527,250.0
216,714,285,514,250.0
322,714,381,514,250.0
428,714,477,514,250.0
535,714,573,514,250.0
646,714,675,514,250.0
753,714,771,514,250.0
859,714,867,514,250.0
966,714,963,514,250.0
1072,714,1060,514,250.0
1178,714,1156,514,250.0
1285,714,1252,514,250.0
1391,714,1348,514,250.0
1497,714,1444,514,250.0
1604,714,1541,514,250.0
1710,714,1637,514,250.0
1797,686,1717,490,250.0
1716,652,1644,463,250.0
1612,652,1550,463,250.0
1509,652,1456,463,250.0
1405,652,1362,463,250.0
1301,652,1268,463,250.0
1198,652,1174,463,250.0
1089,652,1075,463,250.0
986,652,981,463,250.0
882,652,888,463,250.0
778,652,794,463,250.0
675,652,700,463,250.0
571,652,606,463,250.0
468,652,512,463,250.0
364,652,418,463,250.0
255,652,319,463,250.0
152,652,225,463,250.0
131,600,204,419,250.0
231,593,295,414,250.0
332,593,387,414,250.0
433,593,479,414,250.0
533,593,570,414,250.0
634,593,662,414,250.0
735,593,754,414,250.0
836,593,845,414,250.0
937,593,937,414,250.0
1043,593,1034,414,250.0
1144,593,1125,414,250.0
1245,593,1217,414,250.0
1345,593,1309,414,250.0
1446,593,1400,414,250.0
1547,593,1492,414,250.0
1648,593,1584,414,250.0
1754,593,1680,414,250.0
1834,571,1754,395,250.0
1759,536,1687,366,250.0
1661,536,1597,366,250.0
1558,536,1503,366,250.0
1459,536,1414,366,250.0
1361,536,1324,366,250.0
1263,536,1235,366,250.0
1165,536,1145,366,250.0
1072,536,1060,366,250.0
973,536,971,366,250.0
870,536,876,366,250.0
772,536,787,366,250.0
674,536,697,366,250.0
575,536,608,366,250.0
477,536,518,366,250.0
379,536,429,366,250.0
281,536,339,366,250.0
177,536,245,366,250.0
123,500,194,336,250.0
217,484,280,322,250.0
313,484,367,322,250.0
408,484,455,322,250.0
504,484,542,322,250.0
600,484,630,322,250.0
696,484,717,322,250.0
792,484,805,322,250.0
888,484,892,322,250.0
983,484,980,322,250.0
1079,484,1067,322,250.0
1175,484,1155,322,250.0
1271,484,1242,322,250.0
1367,484,1330,322,250.0
1463,484,1418,322,250.0
1558,484,1505,322,250.0
1654,484,1593,322,250.0
1750,484,1680,322,250.0
1826,464,1750,305,250.0
1737,441,1669,287,250.0
1638,441,1579,287,250.0
1544,441,1493,287,250.0
1450,441,1407,287,250.0
1356,441,1321,287,250.0
1263,441,1235,287,250.0
1169,441,1149,287,250.0
1075,441,1063,287,250.0
981,441,978,287,250.0
887,441,892,287,250.0
798,441,810,287,250.0
699,441,720,287,250.0
605,441,634,287,250.0
511,441,548,287,250.0
417,441,462,287,250.0
324,441,376,287,250.0
230,441,290,287,250.0
136,441,204,287,250.0
140,398,207,250,250.0
232,398,291,250,250.0
324,398,376,250,250.0
421,398,464,250,250.0
513,398,549,250,250.0
605,398,633,250,250.0
697,398,717,250,250.0
789,398,801,250,250.0
885,398,890,250,250.0
977,398,974,250,250.0
1069,398,1059,250,250.0
1161,398,1143,250,250.0
1258,398,1232,250,250.0
1350,398,1316,250,250.0
1442,398,1400,250,250.0
1534,398,1484,250,250.0
1626,398,1569,250,250.0
1718,398,1653,250,250.0
1814,398,1742,250,250.0
1807,357,1736,215,250.0
1717,357,1653,215,250.0
1627,357,1571,215,250.0
1537,357,1488,215,250.0
1447,357,1405,215,250.0
1357,357,1323,215,250.0
1266,357,1240,215,250.0
1172,357,1153,215,250.0
1086,357,1075,215,250.0
992,357,988,215,250.0
902,357,905,215,250.0
812,357,822,215,250.0
722,357,740,215,250.0
632,357,657,215,250.0
541,357,574,215,250.0
451,357,491,215,250.0
361,357,409,215,250.0
271,357,326,215,250.0
181,357,243,215,250.0
106,357,174,215,250.0
103,1072,194,804,250.0
126,1002,212,748,250.0
162,889,241,657,250.0
195,785,268,572,250.0
226,690,293,494,250.0
255,598,318,417,250.0
281,516,339,349,250.0
306,441,360,286,250.0
328,370,378,227,250.0
408,365,451,222,250.0
407,429,452,276,250.0
387,504,435,339,250.0
365,584,417,406,250.0
341,671,397,478,250.0
316,765,376,555,250.0
288,866,354,638,250.0
258,977,329,728,250.0
302,1040,370,779,250.0
383,978,442,729,250.0
409,861,463,634,250.0
431,765,480,556,250.0
453,667,498,475,250.0
472,580,514,403,250.0
489,504,529,339,250.0
507,426,543,274,250.0
572,343,602,203,250.0
592,395,621,248,250.0
579,467,610,308,250.0
565,545,598,373,250.0
549,628,585,443,250.0
532,719,571,517,250.0
514,816,557,597,250.0
494,928,540,689,250.0
515,1017,561,760,250.0
618,986,652,735,250.0
633,874,664,645,250.0
646,772,675,561,250.0
660,673,686,480,250.0
670,590,695,411,250.0
682,506,704,340,250.0
692,431,713,278,250.0
701,361,721,219,250.0
746,322,762,186,250.0
776,370,789,226,250.0
769,441,784,286,250.0
761,520,777,353,250.0
754,597,771,417,250.0
745,690,764,494,250.0
736,785,756,572,250.0
726,889,748,656,250.0
716,1001,739,748,250.0
741,1105,763,830,250.0
829,1061,841,795,250.0
835,943,846,700,250.0
841,835,851,613,250.0
846,736,855,532,250.0
850,649,859,460,250.0
858,501,865,337,250.0
861,427,868,274,250.0
872,360,878,218,250.0
956,361,955,219,250.0
959,430,957,277,250.0
959,504,957,339,250.0
958,585,957,406,250.0
958,671,957,478,250.0
958,765,956,555,250.0
958,867,956,639,250.0
957,978,956,728,250.0
985,1078,980,809,250.0
1080,1044,1065,781,250.0
1075,927,1061,688,250.0
1070,820,1057,601,250.0
1066,722,1054,520,250.0
1062,632,1051,446,250.0
1058,548,1048,376,250.0
1055,470,1045,311,250.0
1052,398,1043,250,250.0
1087,357,1075,215,250.0
1141,397,1124,249,250.0
1147,469,1130,310,250.0
1154,546,1135,375,250.0
1161,630,1141,444,250.0
1169,720,1148,519,250.0
1178,818,1154,599,250.0
1187,925,1162,686,250.0
1198,1047,1170,784,250.0
1294,1085,1256,815,250.0
1303,977,1265,728,250.0
1289,867,1254,638,250.0
1275,765,1243,555,250.0
1263,671,1233,478,250.0
1252,585,1224,406,250.0
1241,504,1215,339,250.0
1231,426,1207,273,250.0
1234,360,1210,218,250.0
1318,374,1287,229,250.0
1330,444,1297,289,250.0
1344,520,1309,353,250.0
1358,602,1321,421,250.0
1374,690,1333,493,250.0
1391,785,1347,572,250.0
1409,888,1362,656,250.0
1429,1001,1378,747,250.0
1548,1023,1483,765,250.0
1574,940,1508,698,250.0
1548,832,1488,610,250.0
1524,733,1469,529,250.0
1503,642,1451,454,250.0
1483,557,1434,384,250.0
1464,479,1419,318,250.0
1447,406,1404,257,250.0
1450,348,1408,207,250.0
1521,370,1474,226,250.0
1541,440,1490,286,250.0
1562,516,1508,349,250.0
1586,602,1528,421,250.0
1611,690,1548,493,250.0
1637,785,1570,572,250.0
1666,888,1593,656,250.0
1698,1001,1618,747,250.0
1804,1027,1713,768,250.0
1801,930,1713,690,250.0
1766,823,1685,603,250.0
1734,725,1658,522,250.0
1704,634,1634,447,250.0
1677,550,1611,378,250.0
1651,472,1590,312,250.0
1627,400,1570,251,250.0
1605,332,1551,194,250.0
1595,302,1543,168,250.0
